"","V131","V132","V133","V134","V135","V136","V137","V138","V139"
"1",9,9,8,6,9,9,8,7,8
"2",7,5,6,6,6,4,3,2,5
"3",9,6,9,7,9,8,9,6,9
"4",10,10,7,9,5,5,6,4,6
"5",10,8,9,9,1,8,7,8,6
"6",10,9,8,9,5,7,5,6,7
"7",6,1,10,7,7,9,6,8,10
"8",7,5,10,7,10,10,7,10,10
"9",6,5,10,6,9,10,3,9,10
"10",7,7,10,6,8,10,3,9,10
"11",7,8,9,5,7,7,4,5,6
"12",8,8,7,9,9,8,5,7,8
"13",9,7,5,7,7,5,7,7,8
"14",8,9,8,9,9,7,8,9,7
"15",9,8,6,9,8,8,4,6,7
"16",4,4,4,4,6,6,6,6,5
"17",8,5,5,8,5,5,6,6,6
"18",10,5,7,8,8,8,5,5,5
"19",5,9,4,4,4,4,6,6,9
"20",10,9,9,10,9,9,10,10,10
"21",7,7,7,10,7,7,7,6,10
"22",6,7,7,6,6,6,6,6,7
"23",5,10,5,5,4,5,5,10,10
"24",5,5,5,5,5,5,5,5,5
"25",6,5,8,8,8,8,8,8,10
"26",10,9,9,9,9,9,9,9,9
"27",10,7,7,6,6,10,7,7,10
"28",10,10,10,10,10,10,10,10,10
"29",7,7,5,5,5,5,6,10,10
"30",10,10,10,10,1,10,10,10,10
"31",10,10,10,10,10,10,10,10,10
"32",6,6,6,6,6,6,10,10,10
"33",6,8,7,9,8,6,8,7,6
"34",10,10,10,9,1,9,9,10,10
"35",10,9,10,9,7,8,8,9,10
"36",8,7,7,7,3,6,3,3,8
"37",6,8,7,9,6,8,8,6,9
"38",8,9,1,9,8,8,8,9,8
"39",8,9,10,5,8,7,2,6,6
"40",10,9,10,9,1,6,7,8,9
"41",5,8,6,10,9,9,8,10,9
"42",8,10,10,7,10,10,10,7,6
"43",4,9,6,10,9,7,6,7,6
"44",8,4,8,4,1,3,5,5,7
"45",5,5,6,6,6,6,6,5,5
"46",6,10,10,10,6,10,10,10,8
"47",5,5,5,5,5,6,5,6,6
"48",6,6,6,6,6,6,6,7,7
"49",10,9,10,10,9,10,9,10,10
"50",6,5,6,5,5,5,5,5,5
"51",7,7,6,5,5,5,7,7,6
"52",9,8,10,10,9,10,10,9,10
"53",7,6,5,5,5,5,5,5,6
"54",10,10,10,7,10,10,10,8,10
"55",5,5,8,5,8,8,5,5,5
"56",5,7,7,7,6,7,6,5,8
"57",6,10,10,10,10,10,10,7,10
"58",5,5,8,5,5,8,10,5,10
"59",3,8,9,9,9,8,5,5,8
"60",4,4,6,5,5,5,4,4,4
"61",5,2,10,7,4,10,10,10,10
"62",5,5,5,5,5,5,5,5,5
"63",4,4,4,5,5,5,4,5,7
"64",8,6,6,6,7,8,6,7,7
"65",5,5,5,5,3,3,4,1,7
"66",5,5,5,5,5,5,5,5,5
"67",5,5,5,6,6,5,6,6,5
"68",1,3,2,2,5,5,4,5,5
"69",8,4,9,5,2,3,5,6,7
"70",6,10,9,7,10,10,10,8,10
"71",4,5,5,5,4,4,5,5,5
"72",9,6,10,10,10,6,10,10,10
"73",2,5,9,9,9,9,9,5,10
"74",5,5,10,5,7,7,7,7,10
"75",10,6,6,6,10,10,8,8,8
"76",7,7,6,6,7,6,7,7,7
"77",5,5,5,3,5,5,5,5,5
"78",10,8,10,10,9,9,6,9,9
"79",5,5,5,5,5,5,5,5,5
"80",5,5,5,5,5,5,5,5,5
"81",6,6,6,6,6,6,6,6,6
"82",10,6,10,10,8,10,10,10,10
"83",5,5,10,5,5,7,5,5,10
"84",10,10,10,10,10,10,10,10,10
"85",10,8,8,10,10,10,10,10,10
"86",2,5,9,5,5,5,5,5,10
"87",5,5,10,5,5,7,5,5,10
"88",6,5,5,4,4,3,3,4,4
"89",6,6,5,5,5,7,7,4,4
"90",7,6,6,7,6,6,7,7,7
"91",3,3,3,3,3,3,3,3,3
"92",10,9,10,10,10,10,8,10,10
"93",6,5,5,5,5,6,6,4,4
"94",6,7,7,5,7,7,7,6,6
"95",10,10,10,10,10,10,10,10,10
"96",6,6,6,5,5,5,6,6,6
"97",4,5,5,6,6,6,5,5,5
"98",10,10,10,10,10,10,10,10,10
"99",5,5,10,5,5,10,10,10,10
"100",5,5,10,5,5,5,5,5,10
"101",10,10,10,10,10,10,10,10,10
"102",5,5,10,5,8,10,8,8,10
"103",2,5,10,5,5,10,10,5,10
"104",5,5,5,5,5,4,5,5,4
"105",4,5,2,3,4,4,2,3,4
"106",10,8,10,10,10,9,10,8,10
"107",5,5,5,5,5,5,6,6,6
"108",6,6,6,6,6,6,6,6,6
"109",7,5,8,4,1,3,4,7,9
"110",8,7,7,8,9,7,8,7,8
"111",4,4,5,5,5,4,2,3,4
"112",5,5,5,6,6,6,5,5,5
"113",10,9,10,10,10,9,10,9,10
"114",10,10,10,10,10,10,10,10,10
"115",10,10,10,10,10,10,10,10,10
"116",5,5,10,5,5,5,5,10,10
"117",5,5,10,5,5,5,5,5,10
"118",10,10,10,10,10,10,10,10,10
"119",10,8,8,8,10,10,10,10,10
"120",5,5,5,5,5,5,5,5,5
"121",7,7,7,9,9,9,7,7,7
"122",5,5,5,5,5,5,5,5,5
"123",5,5,5,5,5,5,5,5,5
"124",8,8,10,10,10,10,8,8,10
"125",10,10,10,10,10,10,10,10,10
"126",6,6,6,6,6,6,6,10,10
"127",10,10,10,10,10,10,10,10,10
"128",10,10,10,10,10,10,10,10,10
"129",10,5,5,5,5,5,5,5,10
"130",7,8,9,7,7,6,7,8,7
"131",6,5,5,4,3,2,2,2,2
"132",4,4,4,4,3,3,3,3,3
"133",4,4,4,4,4,4,4,4,4
"134",4,4,4,4,4,4,4,4,3
"135",6,6,6,6,6,6,6,6,6
"136",10,10,10,9,10,10,10,10,10
"137",6,5,7,7,8,8,5,7,10
"138",8,8,8,8,8,8,5,8,8
"139",5,5,8,8,8,8,2,9,9
"140",5,5,9,8,8,8,5,10,10
"141",7,7,7,7,7,7,7,7,10
"142",5,5,8,8,8,5,1,8,10
"143",7,7,9,7,8,7,8,7,6
"144",5,9,8,9,7,7,7,4,5
"145",8,7,7,5,4,7,7,8,9
"146",8,5,5,9,8,8,2,5,7
"147",6,8,7,8,1,3,9,7,8
"148",5,8,9,8,7,6,5,8,8
"149",2,5,9,5,5,5,5,5,10
"150",10,10,10,1,10,10,1,10,10
"151",5,5,9,5,5,9,5,5,10
"152",10,10,6,10,10,10,10,10,10
"153",10,10,10,10,10,10,10,10,10
"154",9,7,6,7,5,6,5,7,8
"155",10,9,10,10,10,10,10,10,10
"156",10,9,9,8,8,9,10,10,10
"157",8,7,7,6,9,8,9,9,9
"158",5,6,10,8,7,10,9,4,6
"159",9,8,7,7,6,7,6,6,7
"160",9,6,6,7,5,6,9,7,7
"161",2,3,2,4,5,4,4,3,1
"162",8,10,9,10,10,10,9,10,10
"163",6,7,6,8,8,7,9,9,8
"164",10,9,9,9,8,8,9,7,8
"165",9,8,9,10,8,7,10,9,9
"166",3,5,6,5,6,5,6,7,6
"167",4,6,7,6,5,6,5,5,6
"168",5,7,6,7,6,7,6,7,5
"169",7,6,7,6,5,6,7,6,7
"170",8,6,7,6,7,6,7,6,7
"171",4,6,7,6,7,5,6,7,5
"172",2,3,3,3,3,4,5,5,5
"173",7,5,6,4,5,5,4,6,5
"174",10,9,8,10,9,8,7,7,9
"175",3,2,1,4,6,7,5,7,6
"176",5,5,6,6,5,6,5,5,6
"177",2,7,6,4,5,7,5,4,6
"178",4,6,5,4,5,6,4,4,5
"179",4,6,7,6,5,4,7,8,7
"180",4,6,6,6,5,4,6,6,7
"181",4,6,5,7,6,5,5,6,7
"182",5,5,6,7,6,6,4,5,6
"183",4,6,5,6,5,4,6,5,6
"184",5,5,4,5,5,5,8,6,5
"185",5,5,6,5,5,5,4,8,9
"186",6,6,5,6,5,5,6,6,6
"187",5,5,6,7,6,6,6,7,6
"188",9,6,9,10,5,6,4,6,5
"189",7,8,10,6,2,7,5,10,10
"190",10,9,8,9,1,10,9,8,10
"191",10,9,7,8,1,4,8,8,10
"192",6,5,5,6,3,3,4,8,9
"193",5,5,7,7,5,5,5,7,5
"194",6,6,6,6,6,7,7,6,6
"195",8,7,7,6,7,6,7,7,8
"196",8,8,6,6,4,3,3,3,3
"197",5,4,4,5,6,5,4,4,4
"198",7,5,7,5,2,5,6,5,7
"199",10,9,9,10,6,10,10,10,6
"200",5,5,10,10,10,10,2,10,10
"201",9,9,9,9,9,9,9,9,9
"202",6,2,10,6,10,10,7,10,10
"203",5,5,5,5,5,5,5,5,5
"204",7,10,10,8,10,10,7,10,10
"205",7,6,8,9,9,8,9,3,3
"206",7,5,10,7,7,10,5,8,8
"207",9,9,9,9,9,9,9,9,9
"208",5,5,5,5,5,5,5,5,5
"209",5,5,5,5,5,5,5,5,5
"210",9,5,7,8,7,7,9,5,8
"211",9,5,10,10,7,7,5,6,9
"212",8,7,8,5,7,10,8,5,6
"213",8,9,7,6,5,7,6,5,6
"214",10,9,6,8,8,7,9,8,7
"215",10,10,8,9,1,9,10,9,9
"216",9,8,6,7,1,8,9,7,5
"217",9,4,7,10,4,6,3,7,7
"218",10,3,4,10,2,2,2,1,8
"219",8,9,8,7,1,9,9,5,7
"220",2,2,2,2,2,2,2,2,2
"221",6,6,6,6,5,5,5,6,4
"222",3,4,4,3,3,4,5,2,2
"223",3,4,4,4,4,5,2,2,5
"224",6,6,5,7,6,6,6,6,5
"225",10,1,8,4,5,9,10,10,9
"226",2,5,6,6,8,7,7,6,6
"227",4,7,5,6,8,6,6,7,5
"228",1,4,5,1,5,6,5,5,6
"229",4,5,7,4,5,5,7,5,8
"230",8,7,6,5,8,4,5,4,3
"231",3,7,5,9,7,7,7,7,7
"232",6,5,6,6,5,5,6,8,7
"233",6,4,4,5,5,6,4,6,5
"234",8,9,8,9,10,9,9,10,9
"235",10,9,8,9,9,9,9,7,8
"236",10,7,9,10,1,5,8,10,10
"237",10,8,10,10,4,6,10,4,9
"238",4,8,7,9,6,5,8,6,8
"239",10,10,9,10,9,7,10,7,10
"240",8,8,5,7,7,8,5,5,5
"241",10,9,8,9,1,5,10,5,8
"242",10,7,8,7,1,7,10,2,7
"243",10,9,8,9,1,7,9,4,8
"244",7,8,5,10,2,5,10,9,9
"245",5,5,5,5,5,5,5,5,5
"246",10,10,10,10,10,10,10,10,10
"247",5,5,5,5,5,5,5,5,5
"248",10,10,9,10,9,8,9,9,10
"249",10,10,10,10,10,10,10,10,10
"250",5,5,5,5,5,5,5,5,5
"251",9,9,9,8,7,7,7,10,8
"252",1,5,7,9,5,10,8,5,2
"253",8,10,7,7,7,8,6,6,7
"254",9,9,8,8,8,7,8,10,9
"255",9,10,9,7,6,7,8,8,9
"256",8,9,9,10,7,6,7,8,10
"257",4,6,5,4,3,2,3,4,5
"258",2,2,3,4,3,2,2,2,3
"259",3,4,6,2,4,4,1,1,5
"260",3,8,8,8,9,6,5,3,5
"261",4,5,4,4,3,2,3,4,3
"262",3,6,4,2,5,7,2,1,4
"263",9,10,10,9,8,8,10,6,6
"264",4,2,1,3,4,4,5,5,5
"265",6,6,7,8,8,7,8,6,7
"266",2,3,4,3,2,4,3,6,5
"267",4,4,5,6,4,3,4,5,6
"268",6,7,5,3,6,9,6,8,8
"269",9,10,9,8,8,5,6,7,6
"270",4,2,3,4,3,5,4,3,4
"271",5,1,4,6,4,3,4,3,2
"272",6,4,4,6,5,4,3,5,6
"273",6,5,6,6,4,6,6,5,6
"274",6,7,5,2,3,7,3,7,6
"275",10,5,1,1,6,6,4,5,5
"276",8,5,5,4,6,6,6,5,10
"277",5,4,9,5,2,6,5,1,7
"278",7,2,3,1,6,5,1,3,4
"279",7,2,2,1,2,3,3,2,5
"280",5,8,8,7,6,6,5,5,5
"281",5,4,4,6,6,6,5,5,7
"282",5,5,6,7,7,8,8,7,7
"283",6,5,10,7,8,7,7,6,8
"284",10,5,5,5,5,5,1,1,5
"285",1,3,4,3,3,4,4,3,1
"286",1,5,5,10,10,10,1,10,10
"287",6,6,8,5,7,7,8,5,7
"288",8,8,6,7,7,7,6,6,6
"289",7,7,6,8,8,8,7,7,7
"290",7,7,5,6,6,6,7,5,5
"291",5,5,3,4,4,4,5,5,5
"292",10,9,8,9,9,9,9,8,8
"293",3,5,6,6,6,5,6,6,7
"294",3,7,4,5,4,5,5,7,7
"295",10,10,10,10,10,10,10,10,10
"296",10,10,10,10,10,10,10,10,10
"297",10,10,10,10,10,10,10,10,10
"298",6,7,6,5,5,4,6,7,8
"299",8,9,9,10,10,9,9,9,9
"300",3,4,4,6,5,4,3,6,4
"301",10,10,10,10,10,10,10,10,10
"302",7,8,9,9,5,5,10,10,10
"303",10,10,10,10,9,6,9,7,7
"304",8,6,7,8,7,6,5,4,5
"305",6,4,7,6,5,5,6,7,6
"306",6,7,6,7,7,7,7,7,7
"307",10,7,8,8,7,6,7,6,5
"308",10,10,10,10,10,10,10,9,9
"309",5,5,6,7,6,5,5,4,3
"310",7,6,5,5,6,6,4,5,6
"311",10,8,10,8,10,8,9,10,8
"312",10,10,10,10,9,10,9,10,9
"313",10,10,10,10,9,8,10,10,8
"314",4,5,7,5,8,8,3,6,9
"315",3,5,4,3,4,3,4,3,5
"316",7,5,8,8,2,8,8,7,10
"317",4,5,4,4,3,3,6,5,4
"318",10,10,10,10,6,6,10,10,10
"319",10,10,10,10,10,10,7,6,10
"320",9,10,9,9,10,10,8,8,8
"321",10,10,10,5,10,7,5,10,10
"322",5,5,4,4,5,5,5,4,5
"323",6,8,8,7,7,8,7,8,7
"324",10,9,10,10,10,10,10,10,10
"325",10,9,8,8,9,9,7,8,8
"326",10,9,10,10,9,8,10,8,9
"327",10,10,10,10,10,8,8,10,10
"328",5,8,9,10,10,9,10,8,9
"329",10,10,10,10,10,10,10,10,10
"330",10,8,9,9,10,10,9,9,9
"331",10,10,10,10,10,10,10,10,10
"332",4,6,5,5,7,7,4,4,4
"333",7,4,5,5,5,6,7,7,6
"334",9,8,8,7,7,7,8,8,8
"335",6,6,6,6,5,7,5,8,7
"336",8,10,8,6,7,7,5,6,7
"337",7,7,10,6,8,8,5,7,7
"338",9,9,8,8,10,10,10,10,10
"339",9,10,10,10,10,10,10,10,10
"340",9,7,10,10,10,10,10,2,10
"341",10,10,10,10,10,10,10,10,10
"342",1,1,1,1,4,2,5,5,3
"343",5,9,10,10,10,10,8,10,10
"344",2,2,3,2,1,1,3,3,3
"345",7,8,7,5,9,8,7,7,6
"346",7,9,8,7,6,7,6,8,6
"347",5,7,7,6,6,6,8,5,6
"348",3,6,7,7,7,7,7,7,6
"349",4,6,7,7,8,8,9,9,9
"350",10,8,10,10,8,10,10,10,10
"351",10,10,10,10,5,10,10,10,10
"352",10,10,10,10,10,10,10,10,10
"353",10,10,10,10,7,10,10,10,10
"354",10,10,10,10,5,10,10,10,10
"355",6,5,3,7,6,6,5,5,5
"356",5,5,4,6,6,5,6,6,5
"357",6,6,6,6,8,6,7,5,7
"358",6,6,8,7,7,7,8,8,6
"359",10,7,6,8,4,3,2,2,6
"360",5,5,6,5,5,6,4,4,5
"361",3,5,5,5,5,5,5,7,8
"362",7,6,4,7,6,7,8,5,5
"363",5,5,6,6,6,6,5,5,5
"364",8,6,7,7,7,9,7,7,7
"365",7,7,5,8,6,6,6,6,6
"366",6,6,8,5,5,7,4,6,6
"367",7,6,6,6,8,8,6,6,7
"368",6,6,8,7,5,7,6,8,7
"369",6,6,8,5,7,7,5,6,6
"370",7,5,8,6,6,7,7,7,9
"371",7,5,10,7,7,7,10,10,10
"372",6,5,10,10,5,5,10,10,10
"373",7,8,10,8,5,10,10,10,10
"374",8,9,10,10,6,8,10,10,10
"375",10,10,10,10,5,10,10,10,10
"376",10,10,10,10,8,10,10,10,10
"377",10,10,10,10,10,3,10,10,10
"378",10,10,10,10,7,10,10,10,10
"379",10,7,10,10,7,10,10,10,10
"380",10,10,10,10,3,10,10,10,10
"381",10,10,10,10,5,10,10,10,10
"382",10,10,10,10,1,10,10,10,10
"383",10,10,10,5,5,2,10,3,5
"384",10,8,6,9,5,6,4,3,8
"385",9,8,9,9,7,6,5,5,6
"386",4,6,4,5,4,5,4,5,5
"387",8,7,6,7,8,5,8,9,9
"388",1,1,1,1,1,1,1,1,1
"389",5,3,10,9,3,10,10,9,10
"390",1,1,1,1,1,1,1,5,1
"391",5,10,10,10,10,10,10,10,10
"392",10,8,9,10,1,10,9,9,10
"393",2,3,2,2,2,2,4,2,2
"394",6,6,6,1,1,4,6,6,6
"395",7,7,7,7,7,7,7,7,7
"396",10,10,10,10,10,10,10,7,7
"397",10,10,10,10,10,10,10,10,10
"398",7,8,7,8,9,7,8,7,9
"399",7,6,6,5,5,4,6,6,6
"400",10,8,8,10,8,10,7,10,7
"401",10,10,10,10,10,10,10,10,10
"402",8,8,8,8,8,8,8,8,8
"403",9,7,8,9,9,9,9,10,10
"404",9,10,10,9,8,8,10,10,9
"405",9,8,7,7,8,8,8,8,7
"406",10,10,9,9,9,9,8,8,8
"407",6,8,9,8,6,8,6,7,9
"408",10,10,10,10,10,10,10,10,10
"409",7,9,8,7,9,7,9,6,7
"410",9,8,8,8,7,7,7,7,6
"411",7,6,6,6,7,7,7,6,6
"412",5,7,4,3,3,4,6,5,4
"413",10,10,10,10,10,10,10,10,10
"414",10,9,9,10,10,10,10,10,10
"415",10,9,9,10,10,10,10,10,10
"416",10,10,9,10,10,8,10,8,10
"417",5,4,4,5,4,4,6,5,4
"418",7,8,7,7,7,7,7,8,8
"419",6,6,6,6,6,6,6,6,7
"420",6,6,5,5,5,5,6,6,5
"421",8,8,8,8,8,8,8,8,8
"422",7,7,7,7,8,8,6,6,6
"423",7,6,6,6,7,7,5,6,7
"424",10,10,10,10,6,6,6,6,6
"425",10,10,10,10,9,10,9,9,9
"426",10,10,10,10,10,10,10,10,10
"427",10,10,10,10,10,10,10,10,10
"428",10,10,10,10,10,10,10,10,10
"429",5,6,6,6,6,5,7,7,7
"430",4,6,7,7,8,8,9,9,9
"431",7,8,7,7,9,7,7,8,9
"432",5,3,6,3,5,8,5,1,3
"433",4,3,7,9,3,6,7,10,10
"434",7,5,7,8,9,7,6,5,6
"435",4,7,7,8,8,8,6,5,5
"436",3,5,5,7,7,7,8,7,4
"437",3,2,8,9,4,7,9,5,3
"438",6,8,9,7,6,7,6,7,8
"439",8,5,6,6,7,7,5,4,4
"440",6,1,8,10,3,10,4,5,10
"441",6,8,8,7,8,8,7,8,9
"442",7,7,7,7,7,7,7,7,7
"443",6,7,7,6,5,4,7,7,6
"444",7,7,7,8,8,8,6,6,6
"445",5,5,5,6,6,6,8,8,7
"446",7,7,7,3,7,7,7,6,5
"447",5,7,6,6,6,5,7,7,8
"448",9,8,8,8,7,7,8,8,7
"449",8,10,10,10,5,10,10,10,7
"450",3,10,10,10,6,10,10,10,10
"451",6,9,9,9,7,7,8,6,6
"452",7,9,9,7,6,7,7,8,6
"453",8,6,6,5,4,5,8,7,5
"454",8,5,6,4,5,4,5,6,4
"455",7,7,8,7,6,6,6,7,7
"456",5,3,5,5,6,2,8,3,9
"457",9,2,8,8,9,8,9,8,8
"458",9,7,8,7,7,8,8,8,7
"459",5,6,4,5,6,5,7,5,5
"460",5,5,4,6,6,6,6,5,4
"461",5,6,6,7,6,5,3,3,4
"462",5,5,7,7,6,5,3,7,5
"463",4,6,7,6,5,5,7,6,6
"464",7,5,6,6,5,6,6,6,5
"465",2,5,4,3,2,5,5,4,3
"466",5,6,4,5,4,6,6,5,4
"467",6,5,4,5,6,7,5,5,6
"468",1,6,3,5,5,6,5,4,5
"469",3,4,3,2,5,6,4,5,5
"470",4,5,5,6,4,4,5,4,3
"471",9,7,7,6,5,6,7,7,6
"472",4,5,4,5,5,6,6,4,5
"473",2,9,9,4,7,7,7,10,10
"474",9,7,6,7,9,8,7,8,9
"475",8,6,7,6,5,5,5,6,5
"476",4,8,8,10,9,7,7,5,10
"477",10,10,10,10,10,10,10,10,10
"478",8,7,8,6,7,6,7,7,5
"479",9,8,7,9,5,5,6,7,8
"480",5,3,7,7,10,8,4,4,2
"481",9,7,6,8,9,9,7,8,10
"482",10,10,10,10,10,10,10,10,10
"483",4,3,6,5,5,4,5,4,4
"484",8,7,10,9,9,8,9,8,8
"485",5,7,6,7,7,7,6,7,6
"486",8,5,6,6,4,8,6,4,4
"487",10,10,10,10,10,10,10,10,10
"488",6,5,8,8,10,9,4,6,7
"489",10,10,10,10,10,1,10,10,10
"490",6,9,9,5,5,3,6,8,8
"491",9,10,8,6,7,6,8,7,7
"492",4,8,7,7,8,5,5,6,5
"493",8,6,6,7,5,6,10,9,9
"494",6,3,5,6,7,6,7,6,5
"495",10,10,10,10,10,10,10,10,10
"496",5,5,5,4,3,4,7,6,4
"497",7,5,6,4,9,9,5,5,5
"498",8,6,7,6,5,5,4,6,5
"499",8,7,7,6,8,4,7,9,10
"500",10,10,10,10,10,10,10,10,10
"501",6,6,7,6,5,4,3,4,4
"502",3,3,4,4,5,4,3,2,2
"503",2,4,4,3,2,5,5,4,3
"504",5,4,5,6,4,5,4,3,3
"505",4,4,5,3,6,4,8,7,10
"506",6,3,5,4,5,6,7,6,5
"507",1,10,10,8,7,10,8,10,9
"508",4,10,10,10,10,10,10,10,10
"509",3,9,9,9,9,10,9,9,10
"510",4,9,8,9,10,9,9,8,10
"511",10,10,10,10,10,10,10,10,10
"512",10,10,10,10,10,10,10,10,10
"513",3,10,10,10,10,10,10,10,9
"514",9,10,10,10,10,10,10,10,8
"515",3,7,10,9,10,10,10,10,10
"516",7,10,10,10,8,10,10,10,10
"517",1,5,1,10,2,5,10,9,10
"518",1,9,5,7,1,10,1,6,10
"519",1,5,10,8,1,10,10,10,10
"520",1,5,7,4,1,2,10,10,10
"521",1,4,9,6,1,9,9,9,9
"522",8,9,9,8,7,1,3,5,8
"523",8,2,3,5,4,4,7,5,3
"524",1,5,10,10,4,10,10,10,10
"525",1,10,10,10,10,10,10,10,10
"526",9,9,7,5,6,7,6,5,4
"527",4,6,7,4,8,5,6,7,10
"528",3,9,8,7,5,8,7,8,6
"529",2,7,8,6,8,6,9,7,8
"530",6,5,5,6,3,6,8,9,9
"531",9,8,6,4,5,6,5,7,6
"532",2,3,2,5,6,7,7,9,5
"533",6,4,5,5,3,2,4,8,6
"534",5,6,10,4,5,10,8,10,10
"535",6,6,10,4,1,10,7,10,10
"536",8,8,8,8,5,10,9,9,9
"537",3,10,10,3,5,10,8,9,10
"538",4,10,10,3,5,10,7,10,10
"539",7,8,8,5,5,7,9,10,10
"540",8,5,6,7,7,9,7,6,7
"541",6,7,8,9,7,6,9,8,5
"542",8,6,8,4,5,3,6,5,9
"543",5,4,6,6,5,3,6,5,7
"544",7,4,5,6,6,3,7,8,5
"545",7,6,10,9,5,4,7,10,9
"546",8,7,10,9,9,7,6,7,7
"547",6,7,5,6,8,4,7,4,4
"548",7,7,4,5,9,8,6,6,8
"549",5,4,6,6,5,8,2,4,3
"550",7,5,6,8,8,7,9,7,8
"551",7,7,5,5,6,6,6,6,6
"552",6,6,5,5,5,4,5,6,6
"553",6,6,6,7,5,5,6,6,6
"554",6,7,7,6,8,7,6,8,8
"555",5,4,5,5,7,6,6,7,7
"556",5,6,8,8,7,7,7,7,6
"557",8,9,9,9,8,7,7,7,6
"558",8,6,5,6,6,6,7,6,6
"559",6,5,5,5,4,4,5,5,4
"560",8,8,8,8,8,8,8,8,9
"561",8,9,9,9,9,8,9,9,9
"562",8,9,9,8,9,9,9,9,9
"563",5,6,5,7,6,6,8,5,5
"564",8,7,5,6,6,5,7,9,6
"565",7,5,5,5,7,6,5,6,5
"566",5,5,5,7,5,5,5,5,8
"567",5,6,7,6,6,5,6,7,6
"568",5,5,6,7,5,5,8,5,6
"569",9,9,8,7,8,9,10,9,8
"570",9,7,8,9,8,8,6,7,8
"571",9,6,5,6,6,5,7,8,6
"572",9,5,4,6,6,7,9,6,10
"573",6,8,9,10,9,9,10,9,8
"574",10,10,10,10,10,10,10,10,10
"575",7,9,10,9,9,10,10,9,10
"576",5,4,4,3,3,3,4,4,3
"577",9,10,10,10,9,10,9,9,10
"578",10,10,10,10,10,10,10,10,10
"579",7,6,10,4,4,9,10,10,10
"580",5,8,10,3,4,10,10,10,10
"581",7,5,10,5,4,10,10,10,9
"582",4,10,10,2,3,10,10,10,10
"583",10,10,10,8,7,9,10,10,10
"584",9,9,9,8,6,9,7,9,7
"585",9,9,9,8,9,9,8,9,7
"586",8,8,7,9,10,8,9,9,8
"587",9,10,9,9,8,9,10,10,9
"588",8,7,8,5,7,8,8,7,9
"589",9,7,8,5,7,8,7,8,6
"590",5,4,6,7,3,3,6,4,10
"591",5,7,8,9,10,5,7,8,9
"592",5,5,6,4,4,6,5,4,4
"593",7,5,4,3,5,6,6,5,4
"594",9,10,10,7,6,5,5,6,3
"595",6,4,6,5,7,2,4,4,6
"596",4,4,3,2,2,2,6,7,8
"597",3,3,3,2,3,5,7,7,7
"598",9,1,3,3,3,3,10,10,10
"599",6,5,5,4,1,2,10,10,10
"600",7,6,5,6,4,4,7,4,5
"601",10,10,10,10,3,10,10,10,10
"602",6,7,7,8,7,6,7,8,8
"603",7,6,7,9,9,8,9,9,7
"604",7,8,8,9,8,8,9,8,8
"605",8,8,8,9,7,7,8,7,7
"606",8,8,9,8,7,8,8,9,8
"607",6,7,7,8,8,8,8,8,8
"608",8,9,10,7,8,8,9,7,8
"609",6,7,10,9,9,6,6,6,4
"610",7,4,5,6,5,5,5,6,5
"611",7,8,5,7,10,9,3,4,5
"612",6,7,5,8,7,7,9,8,8
"613",8,9,10,7,6,8,9,5,6
"614",2,5,5,4,8,3,5,4,3
"615",4,5,6,6,3,5,3,5,7
"616",6,6,5,6,5,5,6,5,5
"617",8,5,6,8,7,7,6,5,8
"618",5,6,5,7,5,6,6,8,7
"619",2,4,3,6,7,7,4,6,6
"620",6,5,6,6,5,5,5,6,5
"621",5,5,4,7,6,6,5,7,6
"622",10,8,10,10,10,10,10,10,10
"623",1,10,10,10,10,10,10,10,10
"624",10,10,10,10,10,10,10,9,7
"625",10,9,10,10,10,10,10,10,10
"626",10,10,10,10,10,10,10,10,10
"627",9,9,9,8,9,9,9,9,9
"628",9,9,8,8,8,9,8,8,9
"629",9,9,8,9,9,9,9,9,9
"630",8,9,9,9,9,9,9,9,9
"631",9,9,9,9,8,8,10,9,9
"632",9,8,9,10,9,9,9,9,9
"633",2,4,6,5,4,5,3,6,5
"634",10,6,8,9,5,5,6,4,4
"635",9,10,7,7,8,5,4,5,5
"636",7,5,5,4,6,6,4,6,9
"637",3,6,6,5,4,8,5,6,3
"638",5,5,6,6,6,6,5,6,6
"639",9,6,6,5,6,5,8,9,5
"640",5,5,10,7,1,10,1,10,10
"641",9,7,9,9,10,9,8,7,6
"642",9,10,9,8,9,9,9,10,9
"643",10,7,8,9,6,7,6,7,8
"644",9,7,7,8,9,9,6,7,8
"645",9,7,6,6,7,8,7,8,8
"646",7,5,7,8,9,8,10,9,7
"647",9,6,6,7,6,8,8,8,8
"648",9,7,8,9,10,9,6,8,8
"649",9,7,7,7,8,10,9,8,7
"650",8,9,9,8,7,6,8,7,6
"651",6,7,10,2,3,6,10,10,10
"652",7,5,10,6,5,10,10,10,10
"653",5,5,8,5,4,9,9,8,10
"654",3,7,10,7,5,8,10,10,10
"655",5,4,9,5,5,5,9,8,8
"656",6,8,10,7,5,8,10,10,10
"657",5,5,5,5,5,5,5,5,6
"658",6,6,5,7,6,6,6,9,8
"659",5,6,8,5,7,9,6,6,6
"660",5,6,5,5,7,6,7,8,6
"661",5,7,5,6,8,7,4,5,6
"662",8,9,8,6,7,8,6,7,7
"663",2,5,6,4,3,10,7,9,5
"664",5,4,4,7,8,3,5,7,7
"665",5,4,6,7,4,5,7,7,7
"666",5,5,6,7,4,4,3,3,2
"667",3,3,2,4,2,2,6,7,7
"668",5,6,6,2,3,5,6,5,5
"669",8,8,7,7,8,10,8,6,8
"670",8,10,9,8,9,10,10,10,8
"671",9,9,8,9,8,8,10,9,8
"672",6,8,7,8,8,9,8,8,9
"673",9,8,9,8,9,10,9,8,6
"674",5,5,5,5,5,5,5,5,5
"675",4,4,4,4,3,9,7,5,5
"676",5,3,3,3,3,3,3,3,3
"677",4,3,3,4,5,4,4,5,5
"678",4,4,4,3,3,3,4,3,3
"679",2,2,2,2,2,2,2,2,2
"680",8,6,7,8,8,8,7,7,9
"681",7,8,7,6,6,7,7,7,9
"682",5,6,6,7,7,7,6,6,7
"683",7,9,8,7,7,8,8,8,9
"684",8,9,8,7,8,8,8,8,8
"685",6,6,6,6,7,8,8,8,9
"686",5,7,6,8,7,8,8,7,7
"687",5,8,7,9,8,8,8,8,7
"688",5,6,6,6,6,6,4,4,4
"689",6,8,9,8,7,8,7,8,9
"690",8,6,7,8,6,7,8,8,8
"691",6,7,8,7,7,7,8,7,8
"692",5,9,9,1,1,9,1,2,7
"693",10,10,10,10,1,5,3,10,10
"694",10,10,10,10,10,10,10,10,10
"695",10,10,10,10,10,10,10,10,10
"696",10,10,10,10,10,10,10,10,10
"697",2,3,5,4,3,4,4,3,3
"698",10,9,10,10,9,8,10,9,10
"699",9,9,8,7,6,7,5,5,6
"700",6,9,8,7,8,9,8,9,9
"701",1,1,10,10,1,10,5,10,10
"702",8,10,9,10,10,8,9,9,9
"703",9,9,9,8,9,8,9,9,9
"704",9,8,5,6,6,5,4,5,7
"705",7,5,6,6,6,8,7,8,6
"706",6,6,5,6,6,6,7,6,6
"707",6,8,8,8,7,7,8,7,7
"708",6,7,7,6,8,7,7,7,8
"709",10,6,7,7,6,6,8,9,5
"710",7,6,7,7,8,7,5,8,6
"711",6,5,8,9,7,7,8,9,7
"712",8,7,6,8,6,7,6,8,7
"713",8,5,8,7,6,5,5,7,8
"714",8,10,7,6,10,10,7,10,8
"715",5,5,5,5,5,5,5,5,5
"716",10,10,10,10,10,10,10,10,10
"717",10,10,10,10,10,10,10,10,10
"718",10,10,10,10,10,10,10,10,10
"719",4,6,5,6,6,5,4,5,5
"720",2,3,4,7,5,5,4,3,6
"721",8,6,7,7,5,6,7,8,8
"722",8,9,10,7,6,5,6,6,6
"723",5,6,7,5,4,6,7,6,9
"724",9,6,4,5,6,7,5,4,5
"725",10,1,10,5,1,10,1,10,10
"726",5,6,8,5,5,6,6,6,4
"727",6,6,7,7,7,7,7,7,9
"728",8,8,8,9,9,9,10,10,10
"729",6,5,7,5,5,7,7,7,8
"730",6,6,10,4,3,9,10,10,10
"731",7,8,10,2,4,10,10,10,10
"732",8,10,10,5,4,10,10,10,10
"733",10,10,10,4,4,10,10,10,10
"734",6,7,10,7,3,9,10,10,10
"735",8,7,10,5,6,10,10,10,10
"736",10,9,8,10,3,9,10,9,8
"737",10,9,10,10,9,9,10,9,8
"738",10,9,10,10,9,9,9,10,9
"739",10,10,10,10,10,9,10,10,9
"740",10,9,10,10,9,10,10,10,8
"741",10,9,9,10,9,9,10,10,10
"742",10,8,5,6,7,5,9,10,10
"743",8,10,6,7,8,8,6,5,8
"744",9,8,5,6,6,7,8,9,10
"745",9,6,7,5,5,6,9,7,8
"746",9,10,10,7,6,7,6,6,4
"747",5,8,7,4,5,7,6,9,8
"748",10,8,7,7,8,7,10,9,8
"749",10,10,9,9,9,10,10,9,8
"750",5,4,3,6,7,7,1,5,7
"751",7,5,5,4,6,7,3,4,6
"752",9,5,5,4,6,5,3,6,7
"753",6,4,7,8,7,5,7,6,8
"754",5,9,6,10,8,9,6,8,10
"755",9,10,8,6,9,7,8,10,9
"756",8,7,10,8,5,6,10,6,9
"757",8,6,7,8,6,9,7,9,8
"758",10,8,7,10,8,6,9,10,7
"759",8,9,5,10,8,9,5,10,7
"760",10,10,10,10,9,10,10,10,10
"761",10,8,10,10,10,10,10,10,9
"762",10,10,10,10,10,10,10,10,10
"763",9,10,10,10,5,4,10,10,10
"764",10,9,10,10,10,10,10,10,10
"765",3,4,3,10,10,10,10,10,10
"766",10,9,10,10,4,9,9,10,8
"767",10,9,10,10,10,10,10,9,9
"768",10,10,10,10,10,9,10,10,7
"769",10,8,9,10,9,9,10,10,9
"770",8,9,10,10,10,9,9,10,7
"771",10,10,10,9,10,10,10,10,7
"772",10,10,10,9,10,10,10,10,10
"773",9,10,10,10,10,10,10,10,9
"774",9,10,10,10,10,10,10,10,10
"775",7,8,9,10,7,10,10,10,10
"776",1,1,10,6,10,10,10,9,10
"777",1,1,10,6,2,10,1,10,10
"778",4,1,10,5,3,2,5,7,10
"779",7,9,10,8,7,6,5,5,6
"780",7,9,7,7,6,5,7,5,5
"781",10,9,10,9,8,10,10,10,5
"782",9,8,10,9,8,7,8,10,10
"783",9,9,10,8,9,9,8,9,8
"784",9,5,5,6,4,6,6,4,6
"785",9,5,5,7,2,10,5,10,10
"786",4,7,10,8,2,10,10,10,10
"787",1,5,10,5,1,10,1,10,10
"788",3,6,6,8,8,7,5,6,5
"789",10,8,6,9,8,10,9,6,8
"790",10,10,10,10,10,10,10,10,10
"791",7,6,4,4,5,8,9,5,3
"792",6,7,9,8,10,9,10,9,7
"793",10,10,10,10,10,10,10,10,10
"794",5,6,8,10,7,8,6,9,8
"795",5,10,9,10,1,9,1,10,10
"796",6,5,7,1,6,9,8,5,6
"797",8,5,5,5,7,6,7,10,6
"798",8,4,9,8,10,7,10,8,8
"799",7,8,9,7,8,6,7,8,6
"800",5,5,6,9,7,8,5,7,6
"801",5,9,10,9,8,6,5,6,7
"802",8,7,9,7,8,6,8,8,8
"803",7,9,8,6,7,8,8,6,7
"804",10,8,6,5,5,7,5,5,6
"805",7,10,8,6,7,8,8,7,6
"806",9,6,5,5,4,6,5,6,8
"807",7,10,8,10,10,7,6,7,10
"808",8,9,7,9,9,9,7,8,9
"809",5,7,4,6,8,5,10,8,9
"810",10,10,10,10,10,10,10,10,10
"811",5,4,7,6,5,5,7,10,8
"812",10,10,10,6,6,7,10,10,10
"813",8,9,8,10,9,8,8,8,10
"814",10,10,10,7,7,4,8,10,10
"815",5,7,8,10,10,10,10,10,10
"816",6,10,10,10,10,10,10,10,10
"817",7,9,10,8,10,9,10,10,10
"818",9,10,10,10,5,10,10,10,10
"819",4,8,9,10,10,10,10,10,9
"820",8,10,10,10,10,10,10,10,10
"821",4,7,6,5,5,5,5,7,10
"822",4,8,10,5,2,9,7,7,8
"823",8,8,4,3,1,10,5,7,7
"824",5,9,10,10,5,5,5,5,10
"825",9,9,10,6,4,5,9,9,10
"826",9,10,9,8,8,10,10,9,8
"827",9,9,9,9,8,5,10,10,9
"828",10,8,8,7,5,6,8,3,3
"829",9,6,6,5,10,7,5,8,8
"830",9,10,10,9,7,8,9,10,10
"831",3,9,10,10,6,10,10,10,10
"832",1,6,10,6,1,10,6,10,10
"833",9,7,7,8,9,10,5,5,5
"834",8,9,7,6,6,7,6,7,5
"835",5,3,10,10,10,10,10,10,10
"836",8,6,5,7,8,9,7,7,7
"837",6,1,9,9,1,9,9,9,9
"838",3,1,10,10,1,10,10,10,10
"839",4,8,10,9,1,9,6,10,10
"840",10,8,5,7,9,5,4,5,5
"841",8,6,5,5,4,4,2,6,10
"842",4,7,5,5,5,6,3,5,5
"843",4,3,6,4,8,5,5,5,4
"844",7,3,4,3,3,4,3,4,7
"845",10,10,10,10,10,10,10,10,10
"846",10,10,10,10,1,10,10,10,10
"847",10,10,10,10,6,8,1,4,9
"848",7,10,10,10,10,10,10,10,10
"849",10,10,10,10,1,10,10,10,10
"850",9,7,4,5,5,7,9,10,9
"851",7,7,7,4,5,6,7,9,5
"852",7,8,9,9,10,10,5,6,6
"853",8,7,7,9,7,5,7,8,5
"854",10,9,9,9,8,9,9,9,9
"855",9,10,10,10,10,10,10,10,10
"856",4,2,7,5,6,4,5,7,8
"857",5,7,7,5,5,5,1,1,2
"858",4,4,9,3,2,4,3,3,7
"859",9,8,8,7,7,7,7,9,9
"860",3,7,8,5,2,8,6,4,3
"861",10,6,5,4,8,5,7,4,3
"862",9,5,7,8,9,4,8,9,5
"863",7,8,6,6,5,7,4,5,5
"864",4,5,4,4,1,1,6,5,4
"865",8,6,8,5,4,7,5,6,7
"866",10,7,9,9,7,5,8,8,9
"867",6,4,4,6,6,3,8,8,7
"868",5,6,7,5,4,5,9,9,10
"869",9,8,7,9,5,8,6,7,7
"870",1,1,2,10,9,9,10,9,10
"871",9,7,8,8,8,7,6,7,7
"872",10,7,7,6,6,5,8,7,3
"873",6,4,5,6,7,8,7,6,4
"874",10,9,9,10,8,8,9,8,9
"875",3,3,4,5,6,5,3,5,6
"876",10,2,9,3,3,2,2,10,8
"877",8,8,9,8,7,7,9,8,8
"878",6,8,7,7,8,6,4,5,6
"879",1,2,2,2,2,2,2,1,2
"880",9,7,2,5,3,5,1,3,5
"881",10,1,10,4,1,4,5,10,1
"882",7,5,6,4,4,3,5,5,6
"883",1,3,10,1,3,5,4,4,5
"884",4,2,4,3,5,4,5,4,3
"885",9,3,5,5,1,9,2,5,9
"886",10,10,10,10,6,8,1,5,5
"887",8,8,8,6,6,6,1,5,5
"888",8,6,10,4,7,10,3,5,4
"889",5,5,5,5,7,7,3,6,6
"890",10,6,6,6,5,6,1,10,5
"891",10,10,10,10,10,10,1,5,5
"892",5,5,5,5,5,5,5,5,5
"893",10,10,10,5,5,5,1,5,5
"894",5,5,5,5,5,5,1,1,3
"895",5,5,5,5,5,5,5,5,5
"896",4,6,6,6,3,3,3,5,8
"897",4,5,5,6,5,4,4,4,8
"898",5,5,5,5,5,5,2,8,8
"899",10,8,8,8,4,5,1,5,7
"900",5,5,5,5,5,5,1,3,5
"901",5,5,10,2,4,7,5,5,5
"902",7,7,7,7,3,3,1,5,5
"903",10,10,10,3,5,5,1,8,5
"904",7,7,7,6,6,7,7,7,8
"905",9,8,8,8,7,8,8,7,8
"906",4,5,5,6,6,8,8,8,8
"907",8,8,8,8,9,8,7,8,9
"908",4,4,4,3,5,5,4,3,5
"909",4,3,3,3,5,5,3,5,5
"910",9,7,9,8,8,9,8,8,7
"911",9,8,7,7,6,7,8,9,9
"912",9,10,9,9,8,9,9,9,8
"913",10,9,9,8,8,9,8,7,8
"914",8,9,9,10,10,9,8,8,9
"915",9,9,9,8,8,7,7,8,9
"916",9,10,9,9,8,7,9,9,8
"917",9,8,8,9,9,9,7,6,6
"918",10,9,9,9,9,10,8,9,9
"919",9,10,10,9,8,8,9,9,8
"920",9,10,10,9,9,8,8,9,8
"921",9,9,8,8,7,6,6,7,7
"922",5,5,10,7,5,5,5,7,7
"923",5,10,10,10,1,7,3,8,5
"924",6,6,6,6,6,6,1,10,10
"925",5,5,5,5,5,5,5,6,7
"926",7,5,9,3,5,4,4,6,9
"927",10,9,8,8,9,10,10,10,9
"928",1,5,1,5,5,5,4,5,5
"929",10,5,5,5,4,6,5,5,5
"930",6,5,4,7,6,8,9,6,10
"931",5,5,5,5,4,4,5,5,5
"932",5,5,6,6,5,5,6,5,5
"933",5,6,5,5,6,5,5,6,5
"934",5,5,6,6,6,5,5,5,6
"935",5,5,6,5,5,5,5,5,6
"936",5,5,4,5,4,5,5,5,4
"937",10,5,6,5,5,5,5,5,5
"938",10,6,5,7,4,5,8,6,5
"939",7,7,7,6,7,6,4,3,3
"940",10,7,6,5,6,6,5,7,6
"941",5,8,9,4,5,6,8,5,4
"942",5,4,5,6,7,6,5,5,5
"943",10,8,9,9,9,8,9,8,9
"944",1,1,1,1,1,1,1,1,1
"945",1,1,10,1,1,10,1,8,1
"946",10,9,9,10,10,9,8,9,9
"947",10,8,9,9,8,9,9,8,9
"948",8,8,10,5,4,3,8,7,5
"949",7,3,6,2,5,4,2,2,3
"950",9,9,9,10,1,9,10,10,10
"951",7,5,4,7,1,2,9,8,10
"952",9,6,9,9,1,1,5,4,5
"953",10,6,10,1,1,1,1,5,1
"954",5,5,6,6,5,5,5,5,6
"955",1,1,1,1,1,1,1,1,1
"956",8,8,7,7,7,7,7,7,7
"957",10,10,10,10,10,10,10,10,10
"958",6,7,8,7,6,7,8,7,7
"959",10,10,10,10,10,10,9,9,10
"960",10,5,5,4,6,6,5,7,5
"961",2,8,9,8,9,9,8,9,8
"962",10,9,10,10,10,9,6,9,9
"963",1,2,2,2,2,2,3,3,3
"964",6,2,10,1,1,1,1,1,6
"965",1,1,1,2,2,2,1,1,10
"966",10,10,10,9,9,10,10,10,10
"967",1,1,1,1,1,1,1,4,5
"968",3,3,2,2,2,3,4,5,4
"969",9,5,6,4,5,6,6,5,6
"970",6,6,6,6,5,6,6,6,6
"971",4,7,6,8,7,8,7,8,9
"972",2,3,4,4,4,4,3,3,2
"973",9,5,7,4,5,3,5,4,6
"974",8,7,8,4,5,2,4,6,5
"975",8,5,9,4,4,6,7,5,9
"976",9,5,6,5,4,6,6,5,5
"977",10,6,5,9,3,4,7,8,6
"978",9,6,5,7,4,5,6,4,5
"979",5,6,7,4,6,8,6,1,10
"980",3,2,6,8,4,6,5,2,7
"981",10,8,9,6,3,4,1,6,9
"982",1,2,5,4,5,5,3,3,3
"983",8,7,8,3,6,4,5,7,4
"984",4,5,2,4,3,5,1,4,4
"985",7,6,5,4,7,3,7,6,3
"986",10,7,8,7,6,7,6,8,7
"987",5,7,2,1,5,4,3,6,3
"988",5,5,7,7,6,5,5,4,6
"989",7,4,8,7,5,6,9,6,5
"990",10,8,4,6,10,9,4,3,7
"991",10,10,7,6,7,6,6,5,7
"992",4,6,4,5,7,8,5,6,6
"993",10,4,5,10,10,4,10,10,1
"994",10,6,10,10,10,10,5,10,10
"995",4,10,8,7,5,6,9,10,6
"996",4,5,2,6,2,2,5,2,5
"997",7,5,6,7,4,5,6,6,7
"998",3,5,4,7,6,3,5,3,6
"999",10,7,5,6,8,4,5,6,10
"1000",2,4,5,4,3,5,2,3,5
"1001",9,5,4,7,5,6,3,6,5
"1002",8,6,7,8,10,9,9,8,7
"1003",8,9,8,8,7,5,10,9,6
"1004",10,9,10,9,9,10,7,8,8
"1005",7,9,8,6,9,9,9,9,9
"1006",1,1,1,1,1,1,2,2,2
"1007",3,1,1,5,3,6,1,10,8
"1008",10,8,10,7,3,5,8,5,10
"1009",8,10,10,6,8,9,9,8,6
"1010",9,8,7,4,10,9,5,8,7
"1011",8,6,5,6,7,5,3,5,6
"1012",10,8,9,10,10,8,7,5,7
"1013",7,8,6,8,7,8,9,8,7
"1014",2,4,5,6,5,4,3,4,5
"1015",2,5,7,8,5,7,5,3,7
"1016",10,10,10,10,7,9,9,5,10
"1017",10,10,10,7,9,7,10,10,9
"1018",10,10,10,9,10,10,9,8,9
"1019",5,6,6,5,4,4,7,6,9
"1020",3,2,4,8,1,2,8,10,2
"1021",2,9,8,9,2,8,9,10,10
"1022",7,5,10,9,1,1,1,9,9
"1023",10,7,10,10,10,10,10,10,10
"1024",10,10,10,10,10,10,10,10,10
"1025",10,10,10,10,10,10,10,10,10
"1026",10,10,10,10,1,10,10,10,10
"1027",10,10,10,10,10,10,7,9,10
"1028",1,2,2,2,1,1,1,1,2
"1029",10,10,10,10,10,10,10,10,10
"1030",10,7,10,4,4,3,6,10,5
"1031",10,9,9,9,10,9,8,9,9
"1032",5,6,4,2,4,6,5,3,2
"1033",4,3,4,3,3,4,4,4,3
"1034",10,7,8,8,10,9,7,8,9
"1035",7,7,9,9,6,7,6,9,8
"1036",9,7,9,6,7,9,6,7,8
"1037",4,5,4,4,6,7,5,5,5
"1038",8,6,7,10,8,4,9,6,7
"1039",2,4,5,5,5,6,5,5,4
"1040",6,4,5,6,6,5,5,4,4
"1041",8,10,10,10,10,10,10,10,10
"1042",10,10,10,10,10,10,10,10,10
"1043",9,7,6,5,6,6,5,4,5
"1044",10,10,10,10,10,10,10,10,10
"1045",9,10,8,8,9,8,10,9,9
"1046",9,10,9,8,7,8,8,9,9
"1047",10,9,9,8,9,9,9,9,10
"1048",6,7,8,8,9,8,9,8,8
"1049",9,9,8,8,7,8,9,9,8
"1050",9,8,9,10,9,8,8,7,9
"1051",10,1,10,4,1,1,1,1,10
"1052",6,1,9,6,1,8,1,1,1
"1053",7,6,7,7,7,7,6,7,8
"1054",10,10,9,9,9,9,10,10,10
"1055",10,9,9,8,7,8,8,8,9
"1056",10,10,10,10,6,7,4,2,4
"1057",6,8,9,7,4,5,4,5,8
"1058",5,7,8,6,4,3,8,9,5
"1059",4,6,10,2,1,5,1,3,9
"1060",7,9,10,6,3,4,5,4,9
"1061",4,2,5,6,7,6,5,3,2
"1062",3,7,9,10,2,5,5,8,9
"1063",9,3,8,8,2,9,8,8,9
"1064",8,6,8,8,8,5,5,7,3
"1065",3,4,7,6,6,7,6,7,6
"1066",8,10,10,9,10,9,9,9,8
"1067",8,7,8,5,7,9,7,6,7
"1068",7,7,7,9,6,6,8,8,6
"1069",9,8,7,9,8,7,7,8,7
"1070",7,7,8,9,7,5,8,7,6
"1071",7,8,9,10,9,8,5,7,8
"1072",8,7,6,5,6,7,5,4,3
"1073",1,4,5,3,5,3,3,1,1
"1074",9,9,8,8,9,8,7,8,8
"1075",4,2,2,6,2,6,5,2,5
"1076",7,4,2,3,2,5,7,1,3
"1077",7,4,7,2,5,4,6,6,4
"1078",4,4,4,4,7,6,6,5,6
"1079",7,5,5,5,7,2,3,4,4
"1080",6,6,4,3,3,4,5,4,4
"1081",10,3,1,5,1,5,5,4,1
"1082",7,6,7,5,1,1,3,1,3
"1083",6,1,6,6,7,5,3,1,3
"1084",6,5,4,4,4,1,1,7,7
"1085",3,4,6,6,4,3,5,2,5
"1086",8,8,6,7,7,9,6,6,7
"1087",6,7,6,7,7,9,6,6,7
"1088",5,3,5,5,7,3,5,9,7
"1089",8,7,4,7,8,9,7,9,7
"1090",9,7,7,9,5,6,4,6,7
"1091",8,9,6,6,7,8,8,7,7
"1092",6,3,9,7,6,6,6,6,8
"1093",5,7,6,6,5,4,5,6,10
"1094",5,8,8,7,5,5,6,6,10
"1095",2,3,6,6,5,3,3,4,10
"1096",5,6,5,6,7,7,10,8,9
"1097",8,8,8,6,6,7,6,7,10
"1098",7,7,6,5,5,6,4,5,6
"1099",6,8,7,6,5,4,5,6,8
"1100",8,7,6,5,7,4,8,5,4
"1101",5,8,7,6,5,4,4,5,6
"1102",7,8,7,6,7,8,6,7,8
"1103",8,7,8,5,4,5,7,8,7
"1104",4,5,4,3,6,6,7,8,5
"1105",5,5,4,8,8,7,7,9,10
"1106",6,5,8,9,8,10,7,5,6
"1107",5,7,8,7,5,6,7,9,10
"1108",10,7,7,5,9,9,7,6,5
"1109",10,10,10,9,8,7,10,7,6
"1110",7,4,5,6,5,4,5,3,6
"1111",6,8,8,7,6,8,8,8,10
"1112",6,8,7,5,6,8,8,8,6
"1113",6,8,6,5,7,6,4,5,5
"1114",8,5,10,5,10,10,2,3,10
"1115",9,5,6,7,7,8,10,6,6
"1116",5,7,9,6,5,7,8,7,6
"1117",8,6,7,6,9,8,6,7,5
"1118",1,10,7,8,6,5,8,4,4
"1119",8,9,8,6,5,7,8,7,10
"1120",8,6,5,7,4,8,7,6,4
"1121",4,4,3,3,4,4,3,4,4
"1122",5,5,6,6,5,5,6,5,5
"1123",6,5,6,5,5,5,5,5,5
"1124",5,5,6,6,5,5,5,5,5
"1125",5,5,4,6,5,6,6,5,6
"1126",6,5,6,6,5,6,5,5,5
"1127",8,8,8,8,8,8,8,8,8
"1128",7,4,7,4,4,4,4,7,7
"1129",4,4,4,4,4,4,4,4,4
"1130",5,5,4,5,5,6,5,5,4
"1131",4,4,3,4,4,2,3,4,4
"1132",5,5,5,5,5,5,5,5,5
"1133",8,5,9,7,6,7,6,9,8
"1134",5,5,10,7,8,5,4,8,6
"1135",7,9,6,8,9,8,3,6,8
"1136",4,6,10,5,9,7,9,3,10
"1137",6,9,10,7,8,7,5,8,6
"1138",3,5,5,5,5,5,1,1,6
"1139",5,5,6,5,6,5,5,6,5
"1140",10,10,10,10,10,10,10,10,10
"1141",10,10,10,10,10,10,10,10,10
"1142",10,10,10,10,10,10,10,10,10
"1143",10,10,10,10,10,10,10,10,10
"1144",10,10,10,10,10,10,10,10,10
"1145",5,6,10,5,8,7,5,6,3
"1146",10,10,9,8,7,10,9,8,7
"1147",10,9,8,9,9,9,10,10,9
"1148",5,6,5,6,6,2,4,4,3
"1149",10,10,10,10,10,10,10,10,10
"1150",8,10,9,9,8,9,10,10,10
"1151",7,9,8,4,5,9,4,4,9
"1152",2,4,7,6,4,2,7,6,2
"1153",7,9,8,5,6,6,7,6,6
"1154",6,3,7,5,3,7,5,7,2
"1155",9,6,5,9,8,7,10,8,6
"1156",7,6,7,3,2,2,4,3,3
"1157",3,3,1,3,2,3,3,1,3
"1158",3,3,3,4,5,5,5,5,3
"1159",5,5,4,4,5,5,5,4,5
"1160",5,4,4,4,5,5,5,5,5
"1161",4,5,4,4,5,5,4,4,5
"1162",5,5,3,5,3,4,4,5,3
"1163",5,3,3,4,6,7,6,5,4
"1164",8,6,6,7,7,8,9,8,8
"1165",10,4,6,5,7,6,5,3,7
"1166",6,6,8,5,7,5,6,6,4
"1167",6,5,3,7,6,8,5,7,5
"1168",1,5,2,5,2,2,2,2,2
"1169",4,5,6,5,8,6,5,8,7
"1170",10,8,7,8,9,8,7,8,9
"1171",9,9,10,8,8,9,9,10,9
"1172",10,10,10,10,10,10,10,10,10
"1173",7,6,8,5,8,8,4,3,8
"1174",6,8,9,8,10,10,10,10,9
"1175",6,5,7,6,6,5,5,6,5
"1176",10,9,9,8,8,9,10,10,10
"1177",9,10,10,10,10,9,10,10,9
"1178",7,7,5,3,6,5,4,5,5
"1179",10,8,7,8,9,9,10,9,9
"1180",7,6,7,8,4,5,6,4,5
"1181",5,5,7,4,5,5,4,5,5
"1182",5,7,5,9,9,7,8,7,8
"1183",4,6,6,5,7,5,5,6,8
"1184",8,7,9,6,7,5,6,6,5
"1185",9,9,10,9,10,10,9,10,10
"1186",9,9,9,9,9,10,10,10,9
"1187",10,10,9,9,9,9,10,10,10
"1188",9,8,8,8,10,9,8,9,10
"1189",9,10,10,10,10,9,9,9,8
"1190",9,9,9,9,9,9,10,10,10
"1191",4,5,4,6,6,7,9,7,8
"1192",9,7,7,6,6,6,5,5,4
"1193",10,9,10,10,10,10,9,10,10
"1194",6,6,7,7,6,6,7,6,5
"1195",5,5,5,5,4,4,6,6,7
"1196",8,9,8,9,5,6,7,6,7
"1197",6,8,9,10,10,9,7,8,9
"1198",7,5,8,5,5,3,5,7,6
"1199",8,10,9,9,10,8,9,10,10
"1200",8,7,5,6,6,7,8,8,6
"1201",7,8,8,7,8,8,10,10,10
"1202",9,10,10,8,1,10,10,10,7
"1203",10,10,9,9,1,8,8,10,9
"1204",8,9,10,9,1,4,10,8,9
"1205",7,8,2,9,10,8,7,9,10
"1206",9,10,8,9,7,9,1,5,10
"1207",9,5,5,6,4,5,5,4,5
"1208",9,6,6,5,5,6,7,6,6
"1209",8,7,7,7,7,7,6,6,6
"1210",5,6,5,5,5,6,5,5,6
"1211",7,7,5,5,5,6,6,7,7
"1212",7,7,8,7,6,6,8,7,6
"1213",9,9,10,10,10,10,7,10,10
"1214",2,4,3,6,4,9,3,1,2
"1215",9,6,5,6,4,4,4,4,6
"1216",1,4,5,4,3,3,5,4,3
"1217",4,3,4,5,6,6,9,8,8
"1218",9,4,7,6,9,9,8,4,5
"1219",7,8,8,7,7,6,7,8,7
"1220",8,7,8,9,6,7,7,8,8
"1221",7,5,6,6,7,8,7,6,6
"1222",8,7,6,6,5,5,7,7,6
"1223",7,6,6,6,5,5,6,6,5
"1224",7,7,8,7,7,8,7,8,8
"1225",2,5,9,1,1,9,1,1,10
"1226",7,10,6,8,7,6,9,8,9
"1227",3,7,6,4,8,6,5,6,7
"1228",3,7,8,6,1,5,7,8,7
"1229",6,9,6,7,9,7,7,9,8
"1230",7,9,8,10,9,7,9,7,8
"1231",8,6,6,5,5,6,7,7,6
"1232",8,6,6,6,8,6,6,6,8
"1233",8,6,6,7,5,5,6,6,7
"1234",8,7,8,8,8,8,6,7,7
"1235",7,5,5,5,5,5,5,5,5
"1236",5,5,6,5,4,4,7,5,5
"1237",8,5,5,5,5,6,6,6,7
"1238",8,6,7,8,8,7,7,6,5
"1239",7,8,8,7,8,8,7,7,8
"1240",10,6,7,6,7,8,8,7,9
"1241",6,7,8,7,6,7,6,6,7
"1242",1,2,3,3,4,3,4,3,3
"1243",5,5,5,5,5,5,5,5,5
"1244",4,3,2,4,3,2,3,2,10
"1245",7,6,7,5,6,5,5,6,7
"1246",6,7,6,5,6,7,6,6,5
"1247",6,6,5,7,6,5,7,7,5
"1248",6,6,5,6,6,6,7,6,7
"1249",1,5,5,5,5,5,5,5,5
"1250",4,4,5,4,4,3,5,3,4
"1251",6,6,5,6,5,5,5,6,6
"1252",6,5,7,7,6,5,5,7,6
"1253",6,6,6,6,6,6,6,6,6
"1254",7,6,7,6,7,7,7,7,7
"1255",9,7,8,5,6,7,7,6,4
"1256",7,9,8,7,10,6,5,9,8
"1257",8,5,7,7,4,9,7,4,10
"1258",7,5,9,7,7,4,8,8,10
"1259",5,6,4,2,4,3,4,7,4
"1260",10,5,9,9,5,3,9,9,9
"1261",1,1,1,1,1,1,1,1,1
"1262",10,10,9,8,9,9,8,8,9
"1263",1,1,1,1,1,1,1,1,1
"1264",10,9,9,9,7,6,9,6,9
"1265",10,10,9,9,10,10,9,10,10
"1266",1,6,6,5,4,8,1,10,8
"1267",3,9,9,9,10,10,4,9,7
"1268",1,10,10,10,6,8,10,10,10
"1269",3,10,10,8,9,9,10,10,10
"1270",9,8,9,8,8,8,9,9,9
"1271",5,10,10,10,10,10,6,9,10
"1272",10,10,10,9,10,9,10,10,9
"1273",5,1,1,1,1,1,1,1,10
"1274",7,8,8,9,7,8,8,9,8
"1275",1,1,1,1,1,1,1,1,1
"1276",10,8,8,8,7,8,8,7,8
"1277",10,10,10,10,10,10,10,10,10
"1278",8,7,6,8,5,3,6,4,8
"1279",1,7,8,1,5,4,8,6,7
"1280",8,9,5,8,1,7,9,7,5
"1281",5,7,8,4,1,5,7,8,9
"1282",9,8,8,5,8,6,6,8,4
"1283",4,5,4,6,3,5,6,4,5
"1284",3,6,5,8,7,8,5,6,8
"1285",1,5,8,6,7,9,5,7,9
"1286",6,6,7,10,7,9,9,7,8
"1287",6,4,7,6,8,7,8,5,7
"1288",9,9,8,1,6,8,7,5,9
"1289",2,4,8,5,6,3,7,5,3
"1290",4,5,8,6,4,2,4,8,4
"1291",6,7,5,5,4,7,5,4,5
"1292",9,7,6,8,4,6,8,7,9
"1293",8,7,8,8,9,8,9,9,9
"1294",6,5,5,6,7,7,8,7,7
"1295",4,4,5,5,5,5,5,5,4
"1296",5,4,5,4,5,4,5,5,4
"1297",4,3,5,3,4,5,5,5,3
"1298",3,2,3,3,2,3,3,3,2
"1299",4,4,4,4,5,5,5,5,5
"1300",4,3,5,5,3,3,4,5,3
"1301",7,5,6,5,6,5,6,5,5
"1302",2,6,7,8,8,9,8,8,8
"1303",7,6,7,5,4,5,4,5,6
"1304",8,10,10,9,8,8,9,9,8
"1305",5,6,6,6,9,5,7,9,5
"1306",8,6,5,5,5,6,6,7,7
"1307",8,6,5,6,6,6,6,7,7
"1308",2,4,3,5,4,2,4,4,3
"1309",3,5,8,9,9,8,9,9,8
"1310",8,6,6,7,7,8,9,9,8
"1311",5,4,6,9,9,9,9,9,8
"1312",4,6,6,7,8,9,9,10,9
"1313",7,9,10,10,9,9,10,10,10
"1314",9,10,10,10,9,9,9,10,10
"1315",5,6,6,5,4,6,6,6,5
"1316",7,2,4,6,10,10,10,9,8
"1317",9,9,9,9,8,7,7,9,9
"1318",7,6,7,7,6,8,5,6,6
"1319",5,5,6,4,5,6,5,4,3
"1320",8,10,9,8,9,10,10,9,9
"1321",6,5,5,6,6,6,5,6,7
"1322",7,5,4,3,9,10,4,3,2
"1323",6,5,6,6,5,8,5,7,5
"1324",4,2,2,3,6,6,7,6,4
"1325",2,2,4,4,3,2,1,3,4
"1326",9,7,6,9,5,5,5,6,4
"1327",10,9,10,10,9,9,8,9,10
"1328",9,10,9,8,9,9,10,10,10
"1329",9,8,9,9,10,10,9,9,8
"1330",10,9,9,9,10,10,9,10,10
"1331",8,8,8,9,9,8,9,10,8
"1332",9,10,10,10,9,9,9,10,10
"1333",9,9,9,9,8,8,8,10,10
"1334",2,10,10,10,9,8,6,7,10
"1335",3,3,5,4,4,7,4,4,5
"1336",2,3,4,4,3,3,5,6,7
"1337",2,7,2,7,1,3,5,7,3
"1338",2,4,4,3,2,4,2,7,5
"1339",5,3,3,1,2,4,5,4,4
"1340",2,1,1,2,2,3,4,3,3
"1341",6,2,8,2,7,4,4,3,9
"1342",3,4,5,5,4,4,3,3,4
"1343",4,4,3,2,2,2,2,3,3
"1344",8,9,7,10,7,7,7,10,8
"1345",10,9,8,8,9,10,8,7,8
"1346",10,10,10,9,9,10,10,10,10
"1347",5,7,6,8,9,10,8,7,8
"1348",10,10,10,10,10,10,10,10,10
"1349",6,6,7,5,4,6,7,6,5
"1350",5,5,7,5,5,7,5,5,5
"1351",4,3,4,3,4,4,5,4,4
"1352",4,4,4,4,4,4,4,4,3
"1353",7,7,5,7,7,5,7,5,5
"1354",3,3,3,3,3,3,3,3,3
"1355",4,3,4,3,4,4,4,3,4
"1356",1,2,8,5,5,5,4,6,6
"1357",1,6,8,1,1,9,1,8,5
"1358",6,6,6,6,6,6,6,6,6
"1359",4,2,9,4,2,4,6,6,6
"1360",6,6,6,6,6,6,6,6,6
"1361",5,5,5,5,5,5,5,5,5
"1362",1,1,10,10,1,10,3,10,10
"1363",1,1,10,10,7,5,10,10,6
"1364",10,8,10,10,8,9,9,8,9
"1365",4,10,10,10,10,10,10,10,10
"1366",1,9,10,10,6,10,9,10,9
"1367",1,5,10,6,7,9,5,8,10
"1368",3,9,1,7,6,7,6,6,9
"1369",4,5,4,4,5,6,6,5,7
"1370",6,10,9,9,7,9,10,10,10
"1371",1,10,10,10,6,8,10,10,10
"1372",1,4,6,2,4,6,2,9,5
"1373",6,8,7,8,7,9,7,9,10
"1374",8,9,10,7,6,7,4,1,10
"1375",2,6,4,8,6,3,5,9,8
"1376",3,5,3,6,5,9,5,3,6
"1377",7,8,9,10,9,9,10,9,10
"1378",10,7,9,8,9,6,7,8,10
"1379",7,9,10,10,8,7,10,9,8
"1380",9,8,9,8,9,9,10,9,8
"1381",8,9,8,8,9,8,10,9,9
"1382",10,8,8,9,9,8,9,10,8
"1383",9,7,7,8,9,8,9,8,9
"1384",10,10,9,8,9,9,9,8,9
"1385",8,6,4,7,10,8,6,8,8
"1386",7,9,9,9,9,8,9,10,10
"1387",3,4,9,9,8,6,9,6,4
"1388",6,5,3,7,2,4,8,1,1
"1389",2,6,3,5,2,6,2,7,5
"1390",10,10,8,10,9,8,10,5,10
"1391",10,9,8,8,8,7,6,6,7
"1392",7,7,6,6,6,6,6,6,6
"1393",4,3,3,4,4,5,4,4,5
"1394",6,5,5,5,5,5,6,6,6
"1395",4,5,5,5,5,5,4,4,5
"1396",1,6,6,7,8,9,9,8,8
"1397",2,8,8,7,6,7,4,3,2
"1398",2,4,6,6,6,6,9,9,9
"1399",1,7,8,9,9,9,7,3,5
"1400",2,4,6,7,8,7,9,9,3
"1401",2,4,6,4,4,6,5,4,4
"1402",4,6,2,2,8,9,2,5,2
"1403",5,1,5,1,5,1,4,1,4
"1404",4,5,8,2,5,2,5,1,5
"1405",6,5,7,6,3,4,6,5,6
"1406",7,8,7,5,6,7,5,3,6
"1407",10,9,8,8,9,9,8,8,9
"1408",10,6,5,6,6,5,8,8,7
"1409",7,8,9,7,6,8,8,7,6
"1410",1,3,2,3,2,1,3,2,4
"1411",9,6,4,5,6,6,4,7,8
"1412",6,9,8,6,8,9,6,6,5
"1413",10,1,2,3,2,1,3,3,4
"1414",9,8,9,8,7,8,7,8,8
"1415",9,8,7,6,7,4,6,5,4
"1416",1,3,4,3,2,1,4,4,3
"1417",7,7,7,8,7,7,7,8,7
"1418",4,7,4,6,7,8,7,4,6
"1419",1,3,4,5,6,7,8,7,6
"1420",10,1,10,1,1,10,6,4,1
"1421",9,7,6,5,5,6,5,6,7
"1422",10,1,10,1,1,10,10,9,1
"1423",10,1,10,1,1,10,1,1,1
"1424",1,4,10,1,1,10,10,10,1
"1425",9,7,6,5,4,3,1,2,3
"1426",5,5,4,5,4,5,4,5,4
"1427",5,5,4,5,4,5,4,5,4
"1428",5,5,4,5,4,5,4,5,4
"1429",5,5,4,5,4,5,4,5,4
"1430",8,9,8,8,8,8,8,8,8
"1431",8,9,9,9,9,9,8,8,9
"1432",9,9,8,9,9,8,9,9,8
"1433",8,9,9,9,9,6,7,8,8
"1434",9,9,8,8,8,9,8,8,8
"1435",9,9,8,8,9,9,8,8,8
"1436",5,5,5,5,5,5,5,5,5
"1437",5,5,5,5,5,5,5,5,5
"1438",1,1,1,1,1,1,1,1,1
"1439",1,7,7,4,5,7,8,8,8
"1440",6,6,6,6,6,6,6,6,6
"1441",5,5,5,5,5,5,5,5,5
"1442",5,5,5,5,5,3,3,3,5
"1443",4,4,5,5,4,5,4,4,5
"1444",5,5,4,5,5,4,4,5,4
"1445",5,4,5,5,4,4,4,5,4
"1446",6,6,6,6,5,5,6,5,6
"1447",5,5,6,5,4,6,6,5,4
"1448",6,6,7,7,6,6,6,6,7
"1449",8,8,7,6,6,7,7,6,7
"1450",8,7,7,7,7,7,6,7,7
"1451",8,4,7,7,2,4,4,6,5
"1452",7,8,7,8,7,7,8,8,7
"1453",9,8,9,9,8,8,8,8,8
"1454",8,8,7,7,6,6,7,6,6
"1455",4,4,3,4,4,3,3,3,3
"1456",4,6,5,5,5,5,9,9,9
"1457",4,4,4,3,4,4,5,5,4
"1458",9,8,8,8,8,8,8,8,8
"1459",9,8,6,7,5,4,7,6,5
"1460",6,7,7,8,6,4,7,6,7
"1461",4,7,6,8,7,6,4,5,4
"1462",5,8,7,6,5,4,5,5,8
"1463",5,7,6,5,4,4,7,6,5
"1464",4,6,7,6,5,4,7,6,5
"1465",1,2,7,1,10,7,8,5,7
"1466",7,10,10,8,9,10,9,10,9
"1467",8,5,10,6,5,7,5,8,10
"1468",5,8,10,5,5,6,3,8,10
"1469",8,8,9,8,8,9,8,8,9
"1470",9,9,9,7,6,5,7,4,6
"1471",8,6,3,4,5,6,5,4,5
"1472",10,9,7,7,8,8,8,9,10
"1473",5,5,6,7,6,5,3,2,2
"1474",7,2,6,5,6,4,8,8,7
"1475",10,10,10,10,10,10,10,8,10
"1476",3,4,3,2,2,1,4,4,5
"1477",8,8,10,7,6,5,1,5,10
"1478",9,8,7,8,8,8,8,8,9
"1479",5,3,4,5,4,6,3,2,4
"1480",6,7,8,7,6,5,9,7,10
"1481",9,9,8,9,8,8,9,8,9
"1482",9,9,8,8,9,8,8,8,9
"1483",8,9,9,9,8,7,9,8,7
"1484",6,5,5,5,6,5,5,5,4
"1485",9,8,7,7,8,9,7,6,7
"1486",9,9,8,9,9,10,8,9,10
"1487",9,9,10,10,10,9,8,7,7
"1488",5,3,3,4,5,5,7,6,5
"1489",8,9,10,8,7,10,9,9,9
"1490",8,9,10,10,10,10,8,7,6
"1491",7,8,8,9,9,10,7,8,7
"1492",5,6,7,8,8,9,10,10,9
"1493",8,5,4,7,5,3,7,5,8
"1494",2,4,5,6,6,6,5,4,4
"1495",3,5,5,4,6,6,6,5,6
"1496",2,6,6,5,5,4,7,7,6
"1497",1,3,4,4,4,4,5,6,6
"1498",1,6,6,6,7,7,4,4,4
"1499",8,6,4,6,9,8,7,5,5
"1500",8,6,5,3,7,7,8,7,5
"1501",6,8,5,4,6,8,8,8,6
"1502",9,6,6,8,4,3,3,2,7
"1503",6,5,8,8,6,6,8,9,9
"1504",8,5,7,4,3,7,4,8,6
"1505",10,9,10,10,10,10,10,10,10
"1506",10,7,10,10,10,10,9,9,9
"1507",10,9,9,8,8,9,10,10,10
"1508",8,9,9,10,8,8,10,10,9
"1509",7,5,6,7,7,6,6,5,4
"1510",10,10,10,10,10,10,10,10,10
"1511",10,10,10,10,10,10,10,10,10
"1512",10,10,10,10,4,10,10,10,10
"1513",1,1,1,1,1,1,2,2,1
"1514",6,5,2,7,5,3,6,5,4
"1515",10,4,4,3,4,5,4,4,5
"1516",8,7,7,8,8,8,7,8,8
"1517",7,6,6,6,6,6,6,7,7
"1518",9,9,8,8,9,8,9,8,8
"1519",10,8,7,6,8,9,6,7,5
"1520",7,6,7,7,7,7,7,7,7
"1521",7,5,4,7,8,6,3,5,6
"1522",2,4,2,10,3,2,4,1,3
"1523",6,8,10,5,7,8,3,9,8
"1524",7,6,5,5,6,6,5,6,6
"1525",6,6,6,7,6,6,6,6,7
"1526",9,9,9,10,9,9,9,9,10
"1527",10,9,6,10,8,8,9,8,6
"1528",6,4,4,5,5,5,5,5,5
"1529",5,4,5,5,5,6,5,5,6
"1530",6,9,10,8,7,7,9,8,7
"1531",8,7,8,9,9,10,8,9,9
"1532",1,1,1,1,1,1,1,1,1
"1533",1,3,4,6,3,5,6,4,5
"1534",9,9,8,9,9,8,8,9,9
"1535",1,1,1,1,1,1,1,1,1
"1536",10,10,10,6,9,9,6,7,9
"1537",8,9,8,9,10,9,9,9,10
"1538",1,1,1,1,1,1,1,1,8
"1539",6,6,6,6,6,6,6,6,6
"1540",1,9,9,9,9,9,9,9,9
"1541",5,5,4,5,6,5,6,6,6
"1542",7,6,8,9,7,7,9,9,10
"1543",8,8,8,7,8,9,9,8,8
"1544",1,6,8,10,10,10,10,10,10
"1545",9,9,8,9,8,9,8,8,9
"1546",6,5,8,8,2,8,8,8,7
"1547",5,8,10,4,7,10,10,9,8
"1548",3,5,9,4,2,8,4,8,7
"1549",8,6,9,5,5,6,8,9,9
"1550",5,9,10,8,2,9,7,9,9
"1551",5,7,8,8,5,9,7,9,8
"1552",6,3,7,7,5,5,9,9,5
"1553",6,9,8,8,4,9,8,8,7
"1554",1,4,9,8,5,7,2,10,10
"1555",10,4,8,6,4,6,7,4,10
"1556",5,7,6,1,3,5,8,9,5
"1557",9,8,9,8,2,8,9,10,9
"1558",7,8,7,7,8,8,6,7,7
"1559",4,5,5,5,3,2,5,7,3
"1560",9,8,8,8,1,7,7,8,1
"1561",8,9,9,8,8,9,8,8,7
"1562",4,2,6,6,5,8,4,7,3
"1563",7,6,7,7,7,8,6,6,5
"1564",10,5,6,6,4,4,10,10,8
"1565",9,7,8,8,7,7,10,5,3
"1566",10,9,8,7,8,8,4,4,3
"1567",4,8,8,7,5,6,5,5,6
"1568",7,6,5,6,6,7,5,5,7
"1569",9,7,6,6,5,6,8,7,7
"1570",8,7,7,6,6,5,9,9,8
"1571",8,6,6,5,5,5,6,5,5
"1572",7,6,6,7,6,5,4,4,5
"1573",5,6,6,5,5,4,5,6,6
"1574",9,7,7,8,7,6,7,7,5
"1575",6,5,5,5,7,6,5,4,4
"1576",5,6,6,3,5,5,6,5,7
"1577",7,10,5,7,7,8,10,10,8
"1578",5,3,7,6,5,7,3,4,5
"1579",8,5,5,4,4,5,4,3,4
"1580",5,6,6,5,5,4,6,6,5
"1581",9,10,10,9,9,9,9,8,9
"1582",9,9,8,8,7,8,8,7,7
"1583",9,9,8,7,8,9,7,9,10
"1584",7,7,6,9,7,8,10,9,8
"1585",8,8,8,9,8,9,7,8,9
"1586",9,8,7,7,9,10,8,8,9
"1587",10,8,9,9,8,7,8,8,9
"1588",7,3,8,7,5,3,6,10,10
"1589",7,9,7,8,8,6,7,9,6
"1590",7,8,7,9,9,6,8,9,7
"1591",8,6,6,5,8,6,8,5,7
"1592",6,8,7,9,9,6,7,8,6
"1593",10,8,5,2,7,6,4,2,7
"1594",7,8,8,9,9,9,9,9,8
"1595",6,7,8,9,9,8,10,10,10
"1596",9,10,8,7,8,6,8,5,5
"1597",8,7,8,8,9,10,8,7,8
"1598",10,8,8,6,7,6,5,8,9
"1599",7,8,9,9,10,8,9,9,8
"1600",8,6,6,6,6,6,5,5,4
"1601",8,10,9,9,8,9,10,9,9
"1602",9,10,9,9,9,10,10,10,10
"1603",6,8,8,6,4,5,8,6,5
"1604",9,9,10,10,10,9,9,9,10
"1605",8,8,6,6,5,8,6,6,5
"1606",10,10,10,9,9,9,8,8,8
"1607",5,4,5,4,5,5,7,9,10
"1608",5,7,7,5,6,6,9,10,8
"1609",10,9,8,8,7,6,5,5,6
"1610",10,10,10,10,10,10,8,9,10
"1611",7,7,4,5,5,4,3,9,4
"1612",1,3,3,6,6,10,7,2,3
"1613",10,10,10,10,10,10,10,10,10
"1614",8,8,9,9,10,10,10,10,10
"1615",7,5,5,6,7,6,6,6,5
"1616",8,7,9,8,7,6,9,8,7
"1617",7,6,7,6,5,6,6,6,7
"1618",8,7,5,5,5,6,5,5,6
"1619",5,5,5,6,7,5,5,6,6
"1620",6,7,7,7,6,6,6,6,6
"1621",10,10,9,8,8,9,7,8,9
"1622",2,3,4,5,5,3,5,7,6
"1623",5,4,5,6,5,5,6,5,5
"1624",10,10,10,10,10,10,10,10,10
"1625",10,9,9,9,9,9,9,10,9
"1626",9,8,7,6,5,5,8,7,4
"1627",10,6,5,4,5,7,6,5,4
"1628",8,7,8,6,5,4,6,7,8
"1629",5,4,6,6,7,4,8,4,8
"1630",8,6,1,7,4,3,3,1,6
"1631",9,9,9,9,9,9,9,8,8
"1632",9,9,9,9,9,9,9,9,9
"1633",8,9,9,9,8,7,8,8,8
"1634",9,9,9,9,9,8,9,9,9
"1635",9,9,8,8,9,9,8,8,8
"1636",9,9,9,8,8,8,9,9,8
"1637",4,4,5,4,5,4,5,4,5
"1638",4,4,5,4,5,4,5,4,5
"1639",5,5,4,5,4,5,4,5,4
"1640",7,5,6,6,5,6,6,5,5
"1641",10,7,8,6,4,5,4,4,5
"1642",9,9,9,10,9,9,8,9,10
"1643",9,9,10,10,9,8,7,8,8
"1644",5,9,9,9,8,7,6,7,8
"1645",5,6,7,8,8,7,10,9,8
"1646",7,9,10,10,10,10,8,8,9
"1647",8,7,8,6,8,8,5,4,5
"1648",5,7,8,5,4,9,5,3,9
"1649",5,8,5,4,2,7,5,4,7
"1650",6,7,7,8,5,4,8,6,5
"1651",8,9,10,9,9,8,8,8,9
"1652",8,8,10,4,5,5,1,7,8
"1653",6,6,8,7,5,4,3,2,3
"1654",5,7,10,6,5,8,4,8,10
"1655",6,5,7,8,6,4,2,1,3
"1656",8,6,6,8,8,9,8,8,7
"1657",9,10,9,9,8,9,9,9,10
"1658",5,5,6,7,6,8,4,7,6
"1659",10,8,8,9,10,10,8,7,8
"1660",3,2,4,6,5,8,6,6,4
"1661",6,7,8,8,7,6,9,8,7
"1662",3,4,4,5,6,7,5,6,4
"1663",5,6,7,7,8,8,8,8,7
"1664",4,6,5,7,5,5,4,5,6
"1665",10,10,9,9,10,9,9,9,10
"1666",6,3,7,6,5,6,5,3,2
"1667",3,3,3,3,3,3,4,4,4
"1668",10,7,10,2,3,5,5,6,7
"1669",7,1,5,6,7,5,8,8,9
"1670",3,6,6,6,5,4,3,1,5
"1671",10,7,10,10,10,10,6,3,9
"1672",8,7,9,9,9,9,2,9,9
"1673",9,9,9,10,9,9,9,8,7
"1674",2,8,9,10,9,8,10,9,9
"1675",9,9,10,10,9,9,9,10,9
"1676",10,7,3,5,7,4,7,6,4
"1677",9,10,9,8,8,9,9,10,8
"1678",8,8,9,9,9,10,9,9,9
"1679",1,4,6,5,6,5,1,1,1
"1680",8,7,9,10,6,7,7,8,6
"1681",8,8,10,9,8,7,7,7,3
"1682",5,10,10,10,5,4,4,10,5
"1683",5,4,4,5,5,4,4,4,5
"1684",9,10,9,9,8,9,9,9,10
"1685",7,6,6,5,6,6,5,5,5
"1686",9,9,10,8,7,8,9,8,9
"1687",7,7,6,5,7,6,6,5,6
"1688",10,9,9,9,10,9,9,9,9
"1689",10,10,10,9,8,9,8,9,10
"1690",4,10,10,10,10,10,10,10,10
"1691",7,6,6,6,6,6,6,7,6
"1692",10,10,10,10,10,9,10,10,9
"1693",7,6,8,4,2,4,2,2,7
"1694",8,7,8,8,8,7,7,7,7
"1695",6,5,4,8,7,7,3,5,6
"1696",8,7,7,8,8,7,7,7,8
"1697",9,8,8,8,9,9,9,7,8
"1698",9,8,8,7,8,8,7,8,9
"1699",6,5,7,7,2,8,9,9,8
"1700",4,5,10,1,1,3,2,7,10
"1701",8,8,9,9,3,7,9,8,9
"1702",8,1,10,8,4,5,4,10,10
"1703",7,6,7,8,4,6,9,9,7
"1704",10,10,10,1,5,5,1,8,10
"1705",7,6,7,5,8,9,4,6,8
"1706",8,7,9,6,5,8,7,4,5
"1707",8,8,6,7,5,7,5,7,9
"1708",9,7,8,6,9,8,8,7,7
"1709",8,6,9,5,6,9,8,9,7
"1710",4,8,9,7,5,7,6,5,7
"1711",4,4,3,1,4,3,7,4,4
"1712",7,5,6,4,8,6,8,5,7
"1713",10,6,4,5,6,9,4,6,5
"1714",8,7,3,5,4,7,3,7,7
"1715",8,5,7,4,5,6,4,5,6
"1716",6,7,8,2,8,9,9,9,7
"1717",8,6,7,9,6,8,8,9,7
"1718",8,7,5,7,6,5,8,7,5
"1719",4,6,10,8,9,7,7,8,2
"1720",1,8,6,7,8,6,6,8,10
"1721",5,2,5,7,8,5,6,5,9
"1722",10,5,7,8,7,8,10,8,6
"1723",10,7,6,8,7,6,10,5,5
"1724",8,6,9,9,7,5,6,9,10
"1725",7,7,6,8,6,7,6,9,8
"1726",10,6,8,5,6,4,7,4,6
"1727",8,5,7,6,5,4,5,7,5
"1728",9,9,10,10,9,9,8,10,10
"1729",8,6,10,10,10,10,10,7,10
"1730",7,7,6,7,9,6,9,8,7
"1731",9,10,9,7,8,9,7,10,8
"1732",6,6,8,6,4,8,7,8,7
"1733",8,7,9,8,10,4,5,8,9
"1734",9,9,8,9,7,9,9,8,5
"1735",5,3,3,4,2,7,5,4,2
"1736",9,6,7,9,9,7,9,6,7
"1737",6,7,5,9,8,6,7,8,9
"1738",6,4,5,8,7,4,8,7,3
"1739",2,6,9,5,3,5,8,6,10
"1740",10,8,5,8,8,8,4,5,6
"1741",6,9,7,6,8,5,6,8,4
"1742",3,7,5,7,6,8,7,8,7
"1743",6,6,4,8,7,9,5,6,7
"1744",10,10,10,6,8,8,10,10,10
"1745",10,10,10,10,10,10,10,10,10
"1746",8,8,8,8,7,8,7,8,8
"1747",5,6,5,3,3,4,8,8,8
"1748",9,9,8,8,8,6,5,5,5
"1749",4,2,1,1,1,1,1,1,1
"1750",1,4,3,5,4,3,5,3,3
"1751",8,6,4,5,7,5,6,4,2
"1752",10,4,10,10,10,10,1,10,5
"1753",8,4,6,10,10,7,4,3,8
"1754",5,5,6,6,5,4,7,6,6
"1755",8,4,9,6,2,5,4,7,8
"1756",9,3,10,7,4,9,8,8,10
"1757",10,10,10,10,10,10,10,10,10
"1758",10,10,10,10,10,10,10,10,10
"1759",9,3,10,9,3,9,7,8,10
"1760",9,7,6,6,6,6,5,4,5
"1761",10,10,10,10,10,10,10,10,10
"1762",10,10,10,7,8,8,7,8,7
"1763",5,6,4,7,4,4,7,5,2
"1764",2,6,5,8,6,6,4,6,8
"1765",9,7,5,6,6,9,4,7,9
"1766",7,6,8,10,8,5,9,5,6
"1767",7,8,10,9,7,10,9,10,6
"1768",10,9,8,10,9,9,9,9,8
"1769",7,7,7,7,7,5,6,5,5
"1770",10,1,1,1,1,1,1,1,1
"1771",6,7,5,5,6,7,7,7,8
"1772",10,9,10,10,10,9,9,8,9
"1773",1,1,10,10,1,1,1,1,1
"1774",3,5,5,4,4,4,4,3,3
"1775",10,10,10,10,9,8,10,9,9
"1776",1,2,3,2,3,2,2,2,2
"1777",10,10,10,10,9,9,10,10,10
"1778",10,10,10,10,10,10,10,10,10
"1779",10,10,9,9,9,9,9,10,10
"1780",9,10,10,10,9,9,10,10,10
"1781",6,5,6,6,7,7,7,7,7
"1782",9,9,10,9,8,8,10,9,8
"1783",10,10,10,10,10,9,9,10,10
"1784",2,2,10,7,2,6,1,1,1
"1785",10,7,8,7,7,9,10,10,10
"1786",7,8,5,7,9,8,9,6,10
"1787",2,4,5,4,2,6,2,1,5
"1788",10,6,10,7,5,8,4,5,10
"1789",3,4,5,3,7,6,9,8,7
"1790",7,7,7,6,3,6,6,7,10
"1791",3,4,5,3,5,5,4,4,6
"1792",7,6,7,6,7,5,4,6,9
"1793",4,5,6,5,5,4,4,5,6
"1794",3,5,5,6,6,7,1,1,2
"1795",8,8,6,7,5,3,7,7,5
"1796",4,7,6,9,9,7,7,8,10
"1797",7,8,6,7,7,5,6,8,7
"1798",7,5,6,7,5,4,7,7,6
"1799",8,7,6,7,6,8,8,8,7
"1800",8,8,7,7,9,8,9,9,9
"1801",8,7,9,6,7,6,7,8,8
"1802",10,8,9,6,7,7,8,7,8
"1803",8,6,7,8,7,5,8,8,9
"1804",2,4,2,3,3,4,6,3,3
"1805",7,8,9,7,8,8,8,8,8
"1806",7,8,8,8,7,9,7,7,7
"1807",8,7,8,7,8,6,8,9,7
"1808",8,7,7,7,8,9,9,7,8
"1809",5,4,5,7,6,3,6,5,3
"1810",3,2,4,2,2,6,7,2,4
"1811",10,10,10,10,4,10,10,10,10
"1812",10,4,5,5,6,4,5,2,10
"1813",6,3,4,6,4,5,5,6,9
"1814",7,6,7,5,6,7,6,7,5
"1815",10,4,5,7,6,5,6,5,7
"1816",8,7,6,6,5,5,4,4,4
"1817",3,3,2,1,10,6,3,6,2
"1818",8,9,4,10,6,10,10,6,4
"1819",6,3,6,7,5,5,5,6,7
"1820",6,5,6,7,5,6,4,5,6
"1821",8,9,5,8,4,7,5,9,6
"1822",5,6,2,9,2,2,1,4,4
"1823",10,10,10,6,1,10,6,10,10
"1824",3,4,5,2,4,5,5,7,4
"1825",7,6,5,7,4,7,6,3,10
"1826",6,3,4,7,5,5,5,5,5
"1827",4,5,9,6,2,4,2,7,10
"1828",7,8,10,5,6,5,4,8,10
"1829",8,7,9,6,8,6,6,10,9
"1830",8,6,7,5,6,4,7,8,6
"1831",1,3,1,1,7,1,1,7,1
"1832",10,8,5,7,9,6,6,10,6
"1833",4,7,6,5,6,7,7,6,6
"1834",2,6,10,5,6,9,6,7,6
"1835",7,9,2,4,7,6,10,10,6
"1836",10,5,7,8,10,6,5,10,5
"1837",5,5,8,8,6,8,5,8,8
"1838",6,5,6,6,3,8,5,5,3
"1839",8,6,6,6,7,8,6,5,6
"1840",1,1,1,1,1,1,1,1,1
"1841",10,1,1,1,10,10,1,1,5
"1842",7,1,1,1,10,10,1,8,8
"1843",6,1,1,1,10,10,7,7,7
"1844",10,1,1,1,1,1,1,1,6
"1845",7,1,1,1,10,10,1,8,8
"1846",6,1,1,1,1,1,1,1,6
"1847",9,1,5,1,8,5,3,6,4
"1848",8,7,3,1,9,7,9,9,9
"1849",3,8,8,8,8,8,8,9,8
"1850",4,6,8,6,5,5,5,5,5
"1851",1,7,4,2,9,6,5,7,7
"1852",5,9,8,8,8,7,7,7,8
"1853",8,5,8,8,8,8,8,8,8
"1854",8,6,9,7,8,10,7,7,7
"1855",5,5,4,5,5,5,6,6,5
"1856",7,5,8,5,5,5,4,6,5
"1857",7,7,7,7,7,7,7,7,7
"1858",6,8,10,6,8,5,7,6,8
"1859",10,7,9,9,3,8,7,6,10
"1860",8,8,8,7,6,5,7,6,6
"1861",5,8,8,8,8,8,6,8,8
"1862",5,8,10,10,5,10,5,8,8
"1863",6,6,5,7,5,6,5,4,6
"1864",4,3,8,7,4,7,5,3,7
"1865",8,7,7,7,6,5,6,5,6
"1866",4,6,7,6,5,4,3,4,5
"1867",5,6,4,7,3,6,5,4,7
"1868",7,7,6,7,5,6,7,7,5
"1869",7,6,6,6,6,5,4,5,6
"1870",6,5,7,6,7,5,3,3,3
"1871",10,2,10,7,2,10,10,10,10
"1872",6,3,6,6,2,2,6,5,7
"1873",8,5,8,8,2,2,5,8,8
"1874",10,10,10,10,10,10,10,10,10
"1875",2,3,2,1,3,2,2,4,3
"1876",7,6,7,6,6,5,5,5,5
"1877",8,4,4,6,2,2,5,5,6
"1878",4,5,4,3,4,4,5,5,3
"1879",5,5,5,6,6,6,6,6,6
"1880",6,10,10,10,10,10,10,10,10
"1881",4,5,5,4,4,4,5,5,5
"1882",4,4,6,5,5,5,6,5,5
"1883",10,4,7,7,8,8,10,5,10
"1884",7,4,7,7,2,2,5,7,7
"1885",6,6,6,6,6,6,6,6,6
"1886",10,10,9,9,10,10,10,10,9
"1887",5,5,5,5,2,3,6,7,7
"1888",5,4,4,5,4,4,4,4,4
"1889",8,6,10,10,1,7,9,9,9
"1890",5,5,9,9,5,9,9,9,9
"1891",7,2,8,8,2,8,6,8,8
"1892",7,6,6,6,6,7,6,6,5
"1893",3,6,7,6,5,4,6,5,5
"1894",8,5,5,6,6,5,6,6,5
"1895",7,7,6,6,6,7,7,7,7
"1896",10,9,9,9,8,10,9,10,10
"1897",6,6,6,6,6,6,6,6,6
"1898",2,2,4,4,4,4,3,3,2
"1899",2,2,2,2,2,2,4,6,8
"1900",8,8,5,5,4,6,8,4,6
"1901",7,7,6,5,5,5,6,7,7
"1902",5,4,4,6,7,7,6,5,6
"1903",5,6,5,5,6,6,4,8,8
"1904",5,5,5,4,3,3,6,6,7
"1905",6,7,7,6,5,5,7,7,7
"1906",10,8,10,9,4,4,4,8,7
"1907",3,1,2,4,2,3,2,2,5
"1908",1,1,1,1,1,1,1,1,1
"1909",2,5,3,4,1,5,3,2,3
"1910",8,6,6,6,5,4,7,6,6
"1911",4,3,6,8,7,4,5,2,4
"1912",1,7,10,9,6,9,8,10,8
"1913",4,7,7,10,4,4,10,10,10
"1914",4,10,10,10,4,10,10,10,10
"1915",5,8,10,10,3,10,10,10,10
"1916",9,10,10,2,10,10,10,10,10
"1917",7,10,10,10,10,10,10,10,10
"1918",1,1,6,7,1,5,8,6,9
"1919",8,5,5,7,8,7,6,7,5
"1920",9,7,8,8,8,9,8,8,8
"1921",8,8,7,7,7,7,6,6,6
"1922",6,9,7,5,5,7,8,8,9
"1923",6,4,6,7,3,4,7,6,7
"1924",10,9,9,9,8,9,9,10,10
"1925",9,9,9,9,10,10,10,10,10
"1926",10,10,10,10,10,10,10,10,10
"1927",10,7,10,7,10,10,8,10,10
"1928",10,9,9,9,9,9,9,9,9
"1929",10,3,8,9,3,8,10,10,10
"1930",9,6,6,7,7,7,6,5,5
"1931",5,9,7,5,6,8,9,7,7
"1932",9,5,6,7,8,5,8,7,8
"1933",6,6,6,7,7,7,5,5,5
"1934",7,8,7,6,7,9,8,8,6
"1935",3,5,7,8,6,5,6,7,4
"1936",8,7,7,6,6,6,7,7,6
"1937",3,3,5,5,5,4,6,6,6
"1938",7,7,6,7,8,8,8,7,6
"1939",10,8,8,9,9,9,6,8,8
"1940",1,2,7,3,2,4,10,3,7
"1941",10,1,5,8,9,4,3,6,4
"1942",4,7,7,6,6,6,8,8,7
"1943",6,8,9,8,7,8,5,7,8
"1944",3,6,6,6,6,6,8,8,9
"1945",6,8,9,7,8,6,8,8,7
"1946",1,1,10,10,1,10,10,10,10
"1947",7,9,8,7,8,8,8,7,7
"1948",4,5,5,5,5,5,7,7,8
"1949",4,8,8,9,9,6,6,7,7
"1950",7,9,7,7,8,8,7,8,9
"1951",1,1,6,4,2,7,9,9,10
"1952",10,10,10,9,10,10,10,9,10
"1953",3,5,6,6,5,5,5,6,5
"1954",5,7,9,8,10,10,8,10,9
"1955",6,9,8,9,10,10,8,9,10
"1956",7,9,10,4,7,6,8,7,9
"1957",7,6,5,5,6,7,4,3,4
"1958",10,10,10,9,10,10,10,10,10
"1959",9,9,9,9,8,8,8,8,9
"1960",10,10,10,10,10,10,10,10,10
"1961",5,7,10,10,5,10,10,7,10
"1962",4,8,10,10,3,10,10,10,10
"1963",10,10,10,10,10,10,10,10,10
"1964",2,4,3,2,2,3,3,3,2
"1965",7,8,9,10,9,8,9,8,8
"1966",10,10,10,10,10,10,10,10,10
"1967",1,2,3,4,3,3,3,3,2
"1968",10,10,10,10,10,10,10,10,10
"1969",10,10,10,10,10,10,10,10,10
"1970",10,8,10,10,7,7,7,8,9
"1971",9,8,7,7,6,6,6,5,5
"1972",10,8,8,8,10,10,9,9,10
"1973",7,7,5,7,8,9,4,6,7
"1974",10,10,10,10,10,5,5,10,5
"1975",5,7,7,7,6,6,5,5,7
"1976",8,8,7,7,6,5,6,7,7
"1977",10,6,7,6,6,7,6,6,7
"1978",8,9,9,8,8,9,9,9,9
"1979",8,2,5,10,6,7,10,10,10
"1980",5,5,8,10,2,8,10,10,10
"1981",9,8,8,8,7,7,6,6,7
"1982",10,2,10,10,10,10,10,10,10
"1983",7,8,9,7,8,6,8,7,8
"1984",5,7,8,6,2,4,6,8,8
"1985",7,5,6,5,7,5,5,6,7
"1986",9,8,7,7,7,6,7,8,8
"1987",10,6,5,5,10,4,6,5,4
"1988",5,4,6,5,5,6,10,10,9
"1989",9,8,8,9,8,8,8,8,9
"1990",10,10,10,10,10,10,10,10,10
"1991",10,8,8,7,10,8,4,4,10
"1992",5,4,3,4,5,6,5,4,5
"1993",8,9,10,10,10,10,10,10,10
"1994",10,10,10,10,10,10,10,10,10
"1995",10,10,10,10,10,10,10,10,10
"1996",10,7,9,8,10,10,7,8,10
"1997",7,8,10,8,8,10,9,6,1
"1998",10,10,4,4,5,4,2,4,4
"1999",10,10,10,10,10,10,9,9,10
"2000",3,5,5,4,3,2,3,4,5
"2001",8,9,8,9,8,9,9,9,9
"2002",4,3,4,5,5,4,2,2,3
"2003",10,5,10,5,5,10,10,5,10
"2004",10,2,6,10,1,8,5,6,3
"2005",8,8,5,7,7,6,8,8,8
"2006",6,8,9,9,8,9,9,7,10
"2007",7,7,9,6,7,8,8,8,7
"2008",9,8,8,7,7,7,6,6,7
"2009",1,1,1,1,2,2,4,3,2
"2010",10,5,6,5,6,7,6,6,6
"2011",8,8,7,7,7,7,8,7,7
"2012",6,7,8,8,6,7,6,5,8
"2013",6,8,7,8,6,7,6,8,7
"2014",8,7,7,6,6,6,7,7,6
"2015",1,5,6,5,7,3,4,7,8
"2016",8,8,5,7,3,4,7,7,8
"2017",1,5,6,5,3,5,7,8,6
"2018",8,6,5,5,5,6,8,8,7
"2019",9,6,5,5,5,6,7,5,4
"2020",9,2,7,6,7,6,6,5,8
"2021",6,7,9,6,7,8,7,9,8
"2022",10,9,9,10,10,10,10,9,9
"2023",8,7,7,6,6,6,8,8,8
"2024",7,7,9,5,7,8,6,7,8
"2025",4,6,10,8,2,9,7,6,8
"2026",8,8,7,7,7,7,6,7,8
"2027",5,9,9,9,9,10,10,10,9
"2028",5,7,5,8,8,7,5,5,5
"2029",7,9,6,7,8,7,7,8,9
"2030",1,2,10,10,1,9,10,8,9
"2031",6,1,10,10,1,10,10,7,8
"2032",8,6,4,4,4,5,5,4,6
"2033",7,8,6,5,7,7,6,7,8
"2034",6,1,10,10,3,7,9,8,4
"2035",8,9,8,7,9,6,9,7,8
"2036",6,5,5,6,7,7,6,7,7
"2037",5,7,7,6,4,5,7,7,6
"2038",1,1,8,9,10,10,10,10,10
"2039",1,9,10,10,10,10,9,9,9
"2040",6,7,10,5,3,9,5,10,10
"2041",4,6,8,9,8,9,5,6,8
"2042",4,6,6,7,7,7,6,6,7
"2043",8,7,7,7,6,6,7,7,7
"2044",1,1,9,6,1,9,10,10,10
"2045",6,7,7,8,9,6,5,8,7
"2046",5,7,8,8,8,9,7,6,6
"2047",9,7,6,6,5,6,6,5,4
"2048",1,1,10,10,3,7,9,4,8
"2049",7,8,6,7,7,7,8,7,7
"2050",1,1,9,8,1,7,10,10,10
"2051",5,5,4,5,5,5,5,5,5
"2052",2,3,2,3,3,4,3,4,5
"2053",5,9,10,8,7,9,8,9,9
"2054",9,8,9,9,10,9,10,10,10
"2055",1,2,1,2,2,2,2,2,2
"2056",4,3,2,1,2,2,2,1,2
"2057",10,10,10,9,10,8,10,9,10
"2058",9,7,7,6,5,6,6,5,5
"2059",10,9,9,10,10,10,10,9,9
"2060",6,8,7,9,9,8,9,9,8
"2061",4,4,3,3,2,3,1,2,4
"2062",10,10,10,10,10,10,10,10,10
"2063",7,8,7,6,7,8,8,6,6
"2064",1,1,7,8,7,9,9,7,8
"2065",5,7,7,6,6,6,6,7,7
"2066",6,7,8,6,5,7,6,7,5
"2067",7,4,6,8,4,6,6,8,5
"2068",6,6,5,4,5,6,6,5,4
"2069",5,10,9,7,8,9,10,9,10
"2070",7,5,6,6,5,4,5,4,4
"2071",10,10,10,10,10,10,10,10,10
"2072",10,10,9,10,10,10,9,9,10
"2073",4,4,4,3,4,5,2,3,4
"2074",8,4,8,5,5,5,5,4,7
"2075",9,8,10,10,9,9,10,10,10
"2076",6,6,5,5,4,3,5,4,5
"2077",10,10,10,10,10,10,10,10,10
"2078",10,10,10,10,10,10,10,10,10
"2079",2,5,6,5,4,5,4,4,5
"2080",9,10,9,9,10,10,10,10,10
"2081",5,7,7,6,5,4,5,5,5
"2082",10,1,7,8,2,4,9,9,10
"2083",9,7,7,6,6,6,5,6,6
"2084",8,7,7,6,6,6,6,7,7
"2085",9,8,7,7,8,9,7,9,9
"2086",6,9,8,7,6,8,6,8,7
"2087",5,6,6,7,7,6,4,4,5
"2088",10,1,5,7,5,3,6,4,8
"2089",8,7,6,9,8,6,7,9,8
"2090",7,6,6,5,5,5,7,8,8
"2091",6,8,7,6,9,7,6,8,9
"2092",2,2,1,1,1,2,2,2,2
"2093",5,5,10,8,2,9,10,8,10
"2094",3,6,10,8,6,9,10,10,8
"2095",10,10,9,9,9,9,10,6,5
"2096",10,10,10,10,10,10,10,10,10
"2097",7,6,6,7,7,6,5,6,7
"2098",10,9,9,8,8,9,8,8,9
"2099",10,9,9,9,9,10,10,10,9
"2100",9,8,8,7,7,7,8,8,7
"2101",6,9,8,6,7,8,6,7,8
"2102",1,6,7,7,7,6,7,6,8
"2103",9,8,8,7,7,7,8,7,7
"2104",10,9,9,9,9,10,10,9,9
"2105",10,10,10,10,10,10,10,10,10
"2106",9,8,9,10,10,10,9,8,8
"2107",1,3,4,3,3,2,1,2,3
"2108",10,10,10,10,10,10,10,10,10
"2109",7,9,10,10,10,10,9,9,9
"2110",5,5,3,3,2,3,3,2,1
"2111",7,9,9,8,5,8,10,10,10
"2112",6,7,6,6,5,6,6,5,6
"2113",10,10,10,10,10,10,10,10,10
"2114",10,8,5,3,10,5,4,7,10
"2115",9,1,2,2,4,5,4,3,2
"2116",8,7,7,6,6,5,5,5,6
"2117",5,5,6,5,5,8,6,7,7
"2118",6,8,8,9,6,9,7,8,9
"2119",8,7,6,6,6,6,5,5,7
"2120",7,2,6,5,7,5,5,7,8
"2121",7,9,7,6,7,8,9,6,6
"2122",10,7,8,7,6,7,8,8,9
"2123",8,6,5,5,6,7,5,5,6
"2124",8,7,8,8,7,7,6,6,5
"2125",1,4,6,5,7,8,6,7,8
"2126",6,8,6,8,6,9,6,9,9
"2127",3,4,4,3,2,2,3,3,5
"2128",9,8,9,10,10,10,10,10,10
"2129",3,2,1,2,2,1,2,2,2
"2130",8,9,10,10,10,10,8,9,10
"2131",9,7,6,5,6,7,6,5,6
"2132",10,9,10,9,10,9,10,9,9
"2133",5,8,9,6,7,8,8,7,6
"2134",9,2,8,8,7,6,8,7,8
"2135",8,6,5,5,4,4,6,6,5
"2136",7,7,6,6,5,5,4,4,5
"2137",1,6,4,1,7,6,8,7,8
"2138",6,9,7,9,6,7,6,9,8
"2139",10,10,10,6,10,10,10,9,9
"2140",4,3,3,4,5,5,3,3,4
"2141",10,9,8,8,9,9,10,10,9
"2142",10,10,10,10,10,10,10,10,10
"2143",8,7,6,5,6,7,5,7,7
"2144",8,10,10,9,9,10,9,9,10
"2145",6,7,6,7,5,6,7,5,6
"2146",1,2,3,4,3,5,3,2,5
"2147",6,5,4,7,7,6,6,6,6
"2148",7,4,5,9,5,4,5,7,3
"2149",9,7,6,4,4,5,6,4,5
"2150",2,4,3,4,4,3,5,5,4
"2151",6,2,9,9,8,3,8,8,10
"2152",1,8,7,7,6,5,10,8,8
"2153",6,7,6,6,5,7,5,5,7
"2154",7,8,7,10,8,9,10,8,10
"2155",4,3,5,5,4,3,4,4,5
"2156",10,6,4,3,4,5,6,4,7
"2157",5,3,7,7,6,8,9,8,7
"2158",1,2,8,3,3,4,2,4,2
"2159",1,5,6,5,4,6,7,6,8
"2160",10,10,10,10,10,10,10,10,10
"2161",1,2,7,3,3,4,2,4,4
"2162",9,7,4,5,8,5,6,7,5
"2163",3,4,8,2,3,7,5,6,5
"2164",10,10,10,10,10,10,10,10,10
"2165",2,4,7,7,6,8,9,10,8
"2166",3,7,6,6,7,6,6,5,6
"2167",10,10,10,10,10,10,10,10,10
"2168",9,10,9,8,9,6,7,7,5
"2169",10,10,10,10,10,10,10,10,10
"2170",3,5,5,7,4,3,6,6,5
"2171",9,9,8,7,9,9,8,8,9
"2172",10,1,10,1,1,1,10,10,10
"2173",8,6,7,4,2,1,4,8,9
"2174",6,2,6,6,8,6,4,5,7
"2175",9,9,9,10,9,8,8,8,8
"2176",3,6,5,8,4,5,7,8,6
"2177",9,6,6,9,9,7,7,6,6
"2178",1,2,1,1,2,10,6,7,6
"2179",9,7,9,8,9,8,7,7,6
"2180",6,4,6,3,8,6,8,8,7
"2181",5,6,3,1,6,6,4,5,3
"2182",7,4,4,5,5,6,4,5,5
"2183",7,5,5,6,4,7,7,7,10
"2184",4,2,7,2,3,6,6,4,3
"2185",10,10,10,10,10,10,10,10,10
"2186",8,7,5,6,4,7,6,6,5
"2187",8,6,7,6,7,8,4,4,4
"2188",7,5,3,5,4,6,8,8,10
"2189",7,5,2,6,5,6,4,7,6
"2190",2,2,3,2,2,3,2,3,3
"2191",7,6,5,7,4,5,4,4,6
"2192",1,3,2,2,3,2,2,2,2
"2193",2,5,3,4,6,4,5,4,3
"2194",7,8,10,7,8,8,8,8,7
"2195",9,4,5,6,4,6,5,7,6
"2196",8,5,6,3,4,4,6,5,8
"2197",10,3,3,10,10,10,10,10,10
"2198",6,7,6,5,4,8,8,9,8
"2199",3,5,6,4,7,8,6,6,6
"2200",10,10,10,10,10,10,10,10,10
"2201",9,9,9,9,9,9,9,9,9
"2202",9,8,8,6,5,6,7,9,3
"2203",6,4,5,6,6,3,3,4,4
"2204",6,3,5,5,5,7,3,2,5
"2205",1,5,3,4,3,2,4,3,2
"2206",7,8,8,7,7,8,10,9,9
"2207",1,4,3,3,4,3,4,3,2
"2208",1,2,3,4,3,3,3,3,2
"2209",6,4,4,9,7,5,4,6,7
"2210",10,7,7,8,8,7,6,7,7
"2211",6,5,5,6,4,5,9,7,10
"2212",9,7,7,8,8,8,8,8,7
"2213",10,8,8,8,6,7,5,5,4
"2214",6,4,4,5,5,3,6,6,5
"2215",3,4,9,6,5,3,5,6,7
"2216",10,6,6,8,7,4,3,6,8
"2217",1,1,10,10,10,1,10,10,10
"2218",4,3,2,2,3,3,2,3,9
"2219",5,6,7,7,4,4,6,8,9
"2220",4,3,6,2,4,4,3,3,4
"2221",5,8,3,3,5,5,8,8,7
"2222",1,10,10,10,10,10,10,10,10
"2223",5,4,5,4,5,4,6,5,7
"2224",3,8,6,5,5,6,3,8,9
"2225",9,6,8,6,6,5,5,6,6
"2226",7,7,7,6,8,7,8,7,6
"2227",5,4,7,6,4,2,5,4,4
"2228",6,6,5,6,5,6,6,6,7
"2229",6,4,3,4,5,7,5,5,7
"2230",7,8,7,7,6,7,6,6,7
"2231",5,7,8,7,6,7,4,4,5
"2232",8,6,5,5,9,8,2,4,5
"2233",7,6,6,5,7,6,5,5,6
"2234",7,5,4,3,3,4,6,5,4
"2235",9,6,5,7,2,2,2,2,1
"2236",8,8,8,7,7,8,5,6,5
"2237",8,4,3,4,6,7,6,7,4
"2238",8,5,5,4,7,8,5,4,6
"2239",10,5,10,10,10,10,10,10,10
"2240",6,6,5,5,6,7,5,7,6
"2241",8,5,3,2,3,1,3,5,6
"2242",10,10,10,5,1,10,10,10,10
"2243",2,5,4,5,6,5,4,4,5
"2244",8,7,6,5,5,6,5,5,6
"2245",7,3,2,5,4,4,5,7,3
"2246",7,3,3,2,8,6,3,6,6
"2247",4,2,3,4,4,2,6,5,7
"2248",4,4,5,6,4,3,6,3,6
"2249",8,6,7,5,4,5,4,6,4
"2250",5,6,3,4,5,6,5,5,6
"2251",7,5,3,4,3,4,3,7,7
"2252",4,1,3,4,5,5,3,4,3
"2253",9,7,9,7,6,6,7,6,6
"2254",9,8,8,7,7,8,8,7,7
"2255",9,6,9,8,2,8,8,8,8
"2256",9,4,8,7,9,6,8,7,6
"2257",10,9,9,10,2,1,9,9,10
"2258",8,3,7,6,6,8,7,9,4
"2259",6,10,10,3,6,5,2,6,4
"2260",7,4,10,8,7,7,6,3,5
"2261",6,7,6,6,7,8,7,6,8
"2262",10,10,10,10,10,10,10,10,10
"2263",9,8,8,7,5,6,3,3,5
"2264",4,3,6,3,3,4,3,3,3
"2265",10,8,7,5,4,4,4,7,5
"2266",7,5,6,6,4,6,4,5,6
"2267",6,5,6,6,5,6,6,7,6
"2268",8,7,8,8,8,8,7,8,8
"2269",8,7,7,7,6,2,2,3,3
"2270",6,4,4,6,3,5,3,5,4
"2271",6,5,4,4,3,4,8,7,6
"2272",9,6,3,5,8,6,4,4,6
"2273",10,10,10,10,10,10,10,10,10
"2274",2,3,2,5,5,7,8,7,7
"2275",5,3,6,5,5,4,4,5,4
"2276",8,7,7,3,4,5,8,7,6
"2277",6,3,4,8,7,7,7,7,9
"2278",10,10,10,10,10,10,10,10,10
"2279",7,6,4,8,9,7,6,4,4
"2280",8,8,6,5,6,7,6,7,4
"2281",6,6,6,6,6,9,9,9,10
"2282",1,5,4,3,2,3,3,3,2
"2283",3,5,5,6,5,4,6,5,4
"2284",2,4,3,4,4,4,4,3,3
"2285",2,2,3,4,4,4,5,5,4
"2286",3,3,2,3,4,3,5,4,4
"2287",5,3,4,3,4,4,5,4,4
"2288",5,6,5,6,6,5,4,4,3
"2289",2,5,4,9,8,7,4,4,3
"2290",4,4,3,3,4,5,6,4,5
"2291",6,4,5,3,4,3,5,5,5
"2292",4,4,4,4,3,2,4,4,3
"2293",7,4,3,5,4,4,3,6,5
"2294",8,8,3,6,6,5,5,7,10
"2295",10,3,5,5,9,7,5,3,7
"2296",9,5,9,2,10,9,5,5,8
"2297",2,2,5,3,1,6,2,3,2
"2298",10,8,9,8,7,8,8,7,8
"2299",9,6,8,1,2,2,2,2,2
"2300",4,4,5,5,2,4,3,5,4
"2301",9,7,8,9,8,7,10,8,7
"2302",10,10,10,10,10,10,10,10,10
"2303",9,5,4,7,7,4,5,7,3
"2304",1,3,7,5,4,6,4,3,7
"2305",5,8,9,7,7,6,5,4,8
"2306",4,3,4,8,6,7,5,6,4
"2307",2,3,3,4,4,3,3,4,3
"2308",2,3,2,4,3,2,3,5,2
"2309",2,4,3,2,2,3,2,2,3
"2310",7,5,6,3,6,5,5,5,4
"2311",7,3,6,5,7,8,5,4,3
"2312",10,4,5,3,3,3,8,6,10
"2313",10,10,10,10,10,10,10,10,10
"2314",7,5,2,9,8,10,8,8,4
"2315",9,4,5,6,4,4,8,7,7
"2316",9,5,6,7,6,8,9,8,7
"2317",5,7,3,8,8,5,9,9,7
"2318",9,9,9,9,9,9,9,9,9
"2319",8,6,3,4,5,3,4,2,2
"2320",1,6,5,9,9,8,4,10,8
"2321",4,6,4,3,3,6,6,3,4
"2322",5,10,10,10,10,10,10,10,10
"2323",10,8,4,5,3,4,7,6,4
"2324",10,10,10,10,10,10,10,10,10
"2325",1,5,6,7,5,5,10,10,8
"2326",9,10,9,10,7,8,6,6,7
"2327",8,5,5,4,8,7,8,10,6
"2328",1,5,8,10,5,6,10,10,10
"2329",1,6,10,10,10,8,10,9,9
"2330",9,6,7,9,8,4,4,9,8
"2331",9,9,8,7,8,9,8,7,8
"2332",6,4,4,6,7,8,4,5,6
"2333",7,8,8,7,8,6,8,8,10
"2334",10,10,10,10,10,10,10,10,10
"2335",10,10,10,10,9,10,10,10,10
"2336",6,4,6,7,4,7,6,5,5
"2337",5,6,8,7,7,9,9,10,7
"2338",9,8,10,9,8,7,5,6,8
"2339",1,6,9,8,7,7,9,9,7
"2340",8,5,7,8,8,10,8,8,6
"2341",1,4,5,8,2,8,9,9,9
"2342",8,6,7,7,5,5,7,6,5
"2343",9,9,8,7,8,9,8,9,8
"2344",8,9,10,7,5,10,10,10,10
"2345",1,10,10,10,10,10,10,10,10
"2346",9,8,9,6,5,9,10,10,10
"2347",10,7,8,8,9,9,9,9,9
"2348",10,7,10,10,4,8,9,9,9
"2349",9,7,10,7,2,10,10,10,10
"2350",10,10,10,10,10,10,10,10,10
"2351",10,10,10,10,10,10,10,10,10
"2352",10,10,10,10,10,10,10,10,10
"2353",10,10,10,10,10,10,10,10,10
"2354",7,10,10,10,10,4,9,9,10
"2355",8,5,6,7,7,10,4,5,6
"2356",7,9,9,10,8,7,10,9,8
"2357",2,10,9,10,10,10,9,8,10
"2358",8,7,9,10,9,9,7,8,7
"2359",1,9,10,9,9,9,9,9,10
"2360",5,7,8,9,10,9,10,9,8
"2361",1,8,10,10,10,10,10,10,10
"2362",10,6,5,5,4,6,5,7,7
"2363",8,8,9,10,7,8,10,8,6
"2364",8,2,2,1,2,1,1,10,1
"2365",7,8,6,7,8,10,7,5,8
"2366",5,9,9,9,9,9,9,9,8
"2367",6,4,10,7,6,4,6,8,4
"2368",5,7,8,5,9,8,6,5,6
"2369",10,10,10,10,10,10,10,10,10
"2370",10,10,10,10,10,10,10,10,10
"2371",5,6,8,7,9,8,5,5,6
"2372",4,8,6,4,3,4,3,7,5
"2373",6,5,6,4,4,2,5,6,4
"2374",5,6,8,8,7,8,9,8,7
"2375",1,2,1,1,1,1,1,1,1
"2376",2,2,1,2,2,2,1,2,2
"2377",6,5,6,7,9,8,8,10,8
"2378",7,8,10,8,6,7,10,10,10
"2379",5,1,2,1,1,2,1,1,1
"2380",8,7,6,7,5,7,5,3,3
"2381",2,10,10,10,9,10,10,10,10
"2382",9,6,8,9,10,7,7,8,6
"2383",8,8,9,9,7,5,7,6,7
"2384",10,7,10,10,8,9,8,7,9
"2385",8,9,7,7,6,8,7,6,8
"2386",9,8,9,9,8,8,7,7,9
"2387",9,8,9,8,10,8,8,7,10
"2388",8,9,10,9,8,7,10,9,9
"2389",6,8,7,9,10,6,5,5,3
"2390",1,10,10,10,10,10,10,10,10
"2391",5,6,8,7,7,9,6,6,10
"2392",9,9,8,7,8,9,8,7,8
"2393",1,10,10,10,10,10,10,10,10
"2394",5,9,10,10,10,10,10,10,9
"2395",5,6,7,5,6,6,6,6,6
"2396",9,6,6,4,5,5,6,6,3
"2397",5,5,5,6,5,4,5,5,6
"2398",5,10,10,10,9,10,10,10,10
"2399",10,10,10,10,10,10,10,10,10
"2400",10,10,10,10,10,10,10,10,10
"2401",10,10,10,10,10,10,3,10,3
"2402",10,10,10,10,10,10,10,10,10
"2403",10,10,10,10,10,10,10,10,10
"2404",10,10,10,10,10,10,10,10,10
"2405",10,10,10,10,10,10,10,10,10
"2406",10,10,10,10,10,10,10,10,10
"2407",10,10,10,10,10,10,10,10,10
"2408",10,10,10,10,10,10,10,10,10
"2409",10,10,10,10,10,10,10,10,10
"2410",1,2,2,9,2,7,10,10,10
"2411",9,8,9,10,9,8,9,9,10
"2412",7,9,9,6,7,4,4,5,6
"2413",6,6,9,8,8,6,9,8,8
"2414",9,9,8,7,8,9,10,9,8
"2415",6,6,4,7,8,8,5,6,9
"2416",10,1,10,10,1,1,10,10,1
"2417",9,9,9,9,9,9,9,9,9
"2418",8,8,8,8,8,8,8,8,8
"2419",10,10,10,1,1,10,10,10,10
"2420",10,10,10,10,2,2,10,10,10
"2421",7,10,10,10,10,10,10,10,10
"2422",7,9,8,6,7,7,8,10,8
"2423",5,5,5,5,5,5,5,5,5
"2424",5,7,5,9,9,8,5,6,3
"2425",5,6,6,6,6,8,8,8,8
"2426",9,9,9,9,9,9,9,9,9
"2427",3,3,5,5,5,4,5,5,6
"2428",7,6,6,6,5,5,5,6,7
"2429",3,3,4,5,4,6,6,9,5
"2430",5,6,6,6,5,5,5,5,5
"2431",5,7,7,9,9,10,8,8,9
"2432",6,9,8,6,5,5,6,5,5
"2433",9,10,10,10,10,10,10,10,10
"2434",4,6,4,7,6,8,4,5,3
"2435",6,7,8,10,9,8,7,8,10
"2436",8,10,10,10,10,10,10,9,10
"2437",10,7,8,6,7,5,7,7,6
"2438",8,6,9,2,7,6,5,4,7
"2439",6,10,8,8,6,7,5,6,7
"2440",1,1,1,1,1,1,1,1,1
"2441",10,10,10,10,10,10,10,10,10
"2442",9,9,9,9,9,9,9,9,9
"2443",10,9,10,9,9,9,8,10,10
"2444",10,9,10,10,10,9,10,9,9
"2445",9,8,9,10,7,8,9,9,9
"2446",1,10,10,10,10,10,10,10,10
"2447",7,8,10,9,6,8,10,8,9
"2448",7,7,9,10,9,8,9,8,9
"2449",6,10,10,10,10,10,10,10,10
"2450",9,10,7,8,8,9,8,8,10
"2451",7,9,10,9,8,9,8,9,9
"2452",4,5,8,3,6,6,8,7,3
"2453",1,10,10,10,10,10,10,10,10
"2454",1,7,9,9,9,8,10,10,10
"2455",9,7,10,9,8,8,9,8,8
"2456",7,4,9,8,7,7,4,6,5
"2457",3,7,8,10,10,10,10,10,9
"2458",6,10,10,10,10,8,9,10,10
"2459",8,10,10,10,7,8,10,10,10
"2460",3,10,10,10,10,10,10,9,9
"2461",6,9,10,10,10,10,10,10,10
"2462",8,10,10,10,10,10,10,10,10
"2463",8,6,7,10,6,5,6,8,7
"2464",9,8,10,10,9,8,9,7,9
"2465",9,8,9,9,8,9,9,9,8
"2466",8,8,7,9,10,7,8,7,8
"2467",9,10,9,10,9,8,8,10,10
"2468",9,8,7,10,8,7,8,7,8
"2469",1,10,10,10,10,9,10,9,10
"2470",9,7,8,9,10,9,8,8,7
"2471",6,4,5,2,3,4,3,4,4
"2472",1,7,9,10,9,10,10,10,10
"2473",8,9,7,8,6,10,8,10,9
"2474",1,5,1,5,1,1,5,5,1
"2475",9,8,7,6,7,8,7,8,9
"2476",8,8,7,7,10,9,7,7,9
"2477",1,1,10,9,1,9,10,10,10
"2478",9,9,8,7,8,9,8,9,9
"2479",8,6,7,7,5,5,7,10,8
"2480",5,5,5,5,5,5,4,4,5
"2481",5,5,4,4,4,5,4,5,5
"2482",9,2,3,5,9,9,9,9,7
"2483",5,5,5,6,5,5,6,5,6
"2484",6,5,5,7,6,5,5,5,5
"2485",5,6,7,5,5,6,6,7,8
"2486",5,6,9,8,8,5,9,8,8
"2487",7,9,10,9,8,7,8,10,9
"2488",7,10,10,10,10,10,10,10,10
"2489",1,9,10,10,10,10,10,10,9
"2490",9,10,8,9,9,10,8,9,9
"2491",7,9,10,9,8,7,9,8,7
"2492",9,8,8,7,9,9,9,8,8
"2493",9,8,9,5,9,9,8,8,9
"2494",8,7,7,7,6,9,5,5,8
"2495",8,8,9,10,10,10,10,10,10
"2496",8,10,8,7,8,9,9,9,10
"2497",8,8,7,10,8,10,9,10,10
"2498",7,9,8,4,5,3,5,6,3
"2499",1,1,2,2,3,3,2,2,2
"2500",9,9,8,9,10,10,8,9,9
"2501",7,4,5,5,2,3,4,6,5
"2502",1,9,9,9,9,10,10,9,9
"2503",10,7,8,9,9,10,7,8,9
"2504",8,8,7,8,7,6,8,7,8
"2505",8,7,6,8,10,8,8,7,9
"2506",8,8,9,10,9,8,8,7,7
"2507",9,8,10,10,10,8,7,8,8
"2508",8,10,9,10,9,9,9,9,8
"2509",8,9,8,10,7,9,10,9,9
"2510",5,7,6,7,8,6,7,4,5
"2511",10,10,10,10,8,9,10,9,8
"2512",5,4,5,7,6,2,7,5,6
"2513",5,6,4,5,6,5,5,5,5
"2514",3,10,10,10,10,10,10,10,10
"2515",6,5,5,5,5,5,8,8,8
"2516",4,10,10,10,10,10,10,10,10
"2517",8,7,8,8,8,10,8,7,7
"2518",7,6,6,7,5,7,3,4,5
"2519",7,10,9,8,8,7,7,7,8
"2520",9,10,10,10,10,10,10,10,10
"2521",10,10,10,10,10,10,10,10,10
"2522",7,6,10,7,10,6,5,8,8
"2523",10,10,10,10,10,10,10,10,10
"2524",10,10,10,10,10,10,10,10,10
"2525",10,10,10,10,10,10,10,10,10
"2526",10,10,10,10,10,10,10,10,10
"2527",7,5,3,4,4,7,9,9,3
"2528",1,5,10,10,10,10,10,10,10
"2529",9,7,8,8,8,8,8,9,8
"2530",5,3,4,8,7,7,6,9,8
"2531",6,8,9,8,7,6,9,8,7
"2532",1,10,10,10,10,10,10,10,10
"2533",10,10,10,10,10,10,10,10,10
"2534",10,10,10,10,10,10,10,10,10
"2535",10,10,10,10,10,10,10,10,10
"2536",10,10,10,10,10,10,10,10,10
"2537",10,10,10,10,10,10,10,10,10
"2538",7,10,10,10,10,10,10,10,10
"2539",9,6,3,3,4,5,5,5,4
"2540",5,6,5,5,5,7,5,8,4
"2541",5,6,5,6,7,6,7,7,6
"2542",4,1,1,1,1,4,6,10,10
"2543",9,7,7,7,7,8,8,7,7
"2544",9,6,6,5,7,7,10,8,10
"2545",7,6,5,5,6,8,7,8,8
"2546",9,6,7,8,7,6,7,7,7
"2547",3,8,6,9,5,7,5,6,7
"2548",6,8,9,8,7,8,8,7,8
"2549",1,9,10,10,10,10,10,10,10
"2550",1,10,10,10,10,10,10,10,10
"2551",5,10,7,9,8,2,6,4,4
"2552",8,10,9,8,7,8,10,9,8
"2553",7,7,9,8,10,8,7,8,9
"2554",3,4,7,10,10,10,9,10,10
"2555",3,9,10,10,10,10,10,10,10
"2556",6,7,7,5,7,6,6,2,7
"2557",5,6,5,5,5,5,7,5,6
"2558",8,10,9,8,7,8,9,8,8
"2559",1,9,9,9,9,9,9,9,9
"2560",7,9,5,4,6,2,4,9,8
"2561",6,8,9,9,10,9,8,9,10
"2562",1,10,10,10,8,10,9,8,10
"2563",8,4,6,3,4,4,10,6,7
"2564",9,9,8,10,10,10,9,10,10
"2565",9,9,10,9,8,9,10,10,9
"2566",10,8,9,10,9,9,9,9,10
"2567",9,6,9,10,8,6,10,9,8
"2568",10,9,7,8,7,10,9,8,9
"2569",7,8,7,5,6,6,8,8,7
"2570",6,7,9,6,7,7,6,7,9
"2571",1,10,10,10,10,10,10,10,10
"2572",9,10,9,8,9,9,8,9,9
"2573",4,7,9,6,7,7,5,5,8
"2574",1,6,10,10,10,10,10,10,10
"2575",9,9,8,9,10,9,8,9,9
"2576",7,9,10,9,8,7,8,9,8
"2577",8,8,7,7,8,7,8,7,9
"2578",9,9,8,8,9,10,9,8,9
"2579",8,10,9,8,7,8,8,7,8
"2580",9,9,10,9,8,7,10,9,8
"2581",8,8,9,9,10,9,10,9,8
"2582",7,6,7,7,8,10,6,5,5
"2583",7,9,10,10,10,10,10,10,7
"2584",9,6,6,4,5,6,1,5,4
"2585",5,7,6,8,8,10,5,5,5
"2586",2,9,10,10,10,10,8,10,10
"2587",4,9,10,10,10,10,10,10,10
"2588",9,5,5,7,7,6,8,5,6
"2589",6,5,7,6,7,8,7,6,5
"2590",5,7,5,6,8,7,10,8,7
"2591",1,1,1,1,1,1,2,2,1
"2592",6,5,4,7,8,8,6,9,8
"2593",9,7,10,9,8,7,8,9,10
"2594",10,9,10,7,8,8,9,7,8
"2595",1,8,9,10,8,9,8,9,9
"2596",7,9,10,9,8,9,10,9,8
"2597",2,9,10,9,10,10,9,9,9
"2598",8,4,5,10,9,8,8,9,10
"2599",9,10,10,9,9,10,10,10,10
"2600",4,4,5,5,4,3,5,5,4
"2601",7,8,10,3,4,5,5,10,7
"2602",8,4,5,3,4,4,5,5,5
"2603",1,10,10,10,9,10,10,10,10
"2604",8,9,8,7,6,7,8,7,6
"2605",6,6,6,7,6,6,5,5,6
"2606",7,8,9,8,8,8,8,7,7
"2607",6,7,6,5,4,6,5,8,7
"2608",8,7,6,6,5,9,8,4,8
"2609",1,1,1,1,1,1,1,1,1
"2610",6,5,6,6,6,4,5,5,6
"2611",7,5,7,6,8,6,6,5,6
"2612",4,3,5,4,6,3,3,5,7
"2613",8,10,9,9,8,9,9,9,9
"2614",9,7,8,7,7,6,7,7,8
"2615",7,6,8,6,4,6,5,8,7
"2616",9,9,9,9,9,9,10,10,9
"2617",8,7,6,5,7,5,8,5,7
"2618",6,5,6,6,6,6,4,5,5
"2619",6,6,6,6,6,6,6,6,6
"2620",10,10,10,10,10,10,10,10,10
"2621",7,4,5,4,6,5,6,4,5
"2622",10,10,10,10,10,10,10,10,10
"2623",10,10,9,8,9,10,9,10,10
"2624",10,8,9,8,9,8,9,9,8
"2625",9,9,9,10,10,9,9,10,10
"2626",8,8,7,8,6,8,8,7,9
"2627",6,8,5,3,6,6,5,6,7
"2628",9,8,9,8,9,8,8,9,8
"2629",6,5,5,6,6,6,5,5,6
"2630",8,8,9,9,10,9,9,9,9
"2631",6,6,4,7,3,5,5,4,9
"2632",8,3,6,4,6,4,5,7,4
"2633",9,10,7,8,9,8,7,8,9
"2634",8,8,9,8,9,9,9,8,8
"2635",10,8,10,10,9,10,9,9,10
"2636",8,7,5,8,6,6,8,6,9
"2637",8,5,4,6,9,7,2,6,8
"2638",10,10,10,10,10,10,10,10,10
"2639",8,9,6,8,6,7,6,8,5
"2640",6,7,7,7,7,7,7,7,7
"2641",6,5,6,6,6,6,6,6,5
"2642",7,8,9,10,9,8,7,7,8
"2643",5,5,5,4,4,5,5,5,4
"2644",10,10,10,10,10,10,10,10,9
"2645",9,10,7,8,9,10,8,9,8
"2646",6,5,6,6,6,6,6,6,6
"2647",10,9,9,10,10,8,10,10,9
"2648",6,5,6,6,5,6,6,6,6
"2649",4,2,5,7,3,5,5,3,6
"2650",10,9,8,9,9,9,9,9,9
"2651",8,9,10,9,8,7,9,10,9
"2652",7,5,6,6,6,5,6,6,5
"2653",9,7,5,8,7,5,8,5,6
"2654",5,10,10,10,10,10,10,10,10
"2655",3,3,4,3,3,3,3,3,3
"2656",3,2,2,2,2,2,3,3,3
"2657",5,5,8,3,5,3,7,4,5
"2658",10,10,10,10,10,10,10,10,10
"2659",8,7,5,8,4,6,4,5,4
"2660",8,7,2,7,6,5,7,3,5
"2661",10,10,10,10,10,10,10,10,10
"2662",10,10,10,10,10,9,9,10,10
"2663",8,7,6,7,7,7,9,5,8
"2664",8,7,4,6,6,5,4,6,4
"2665",7,7,7,7,8,8,7,7,7
"2666",6,6,6,6,6,6,6,6,6
"2667",5,6,6,7,7,6,6,6,6
"2668",1,1,1,1,1,1,1,1,1
"2669",8,6,2,8,5,3,2,8,6
"2670",5,5,5,5,5,6,6,6,6
"2671",10,10,10,10,9,10,9,9,9
"2672",6,8,7,6,6,7,6,6,7
"2673",6,7,3,2,7,6,6,3,2
"2674",10,10,10,10,10,10,10,10,9
"2675",6,7,7,6,7,8,8,7,7
"2676",9,6,4,8,4,7,4,4,3
"2677",10,8,9,8,7,6,7,7,8
"2678",7,6,5,5,6,5,5,6,5
"2679",10,10,10,10,10,10,10,10,10
"2680",8,8,8,9,8,8,8,8,8
"2681",9,7,10,9,8,7,7,9,10
"2682",5,5,4,4,5,5,5,5,5
"2683",10,10,6,9,9,9,9,9,9
"2684",8,3,8,3,6,4,3,7,5
"2685",7,6,6,6,6,6,7,7,7
"2686",7,8,5,6,4,7,5,5,5
"2687",3,10,10,10,10,10,10,10,10
"2688",5,5,5,5,5,5,5,5,5
"2689",7,8,5,7,5,7,6,7,5
"2690",9,9,9,8,8,9,8,8,9
"2691",4,5,3,1,1,1,1,2,3
"2692",8,5,6,3,5,3,3,4,2
"2693",9,9,10,10,9,9,9,9,10
"2694",5,4,5,5,6,6,6,7,7
"2695",1,1,1,1,1,1,1,1,1
"2696",3,2,4,7,4,2,2,6,4
"2697",9,9,9,10,9,9,10,9,9
"2698",4,3,5,4,7,6,7,3,5
"2699",9,10,9,9,10,10,10,9,9
"2700",7,5,6,5,4,5,5,4,5
"2701",7,6,4,3,6,4,3,7,5
"2702",8,8,7,8,7,8,7,7,8
"2703",10,10,9,10,10,10,10,10,10
"2704",9,7,8,7,6,7,7,8,6
"2705",8,6,3,4,8,6,7,6,4
"2706",8,10,9,9,9,10,10,9,9
"2707",10,10,10,10,10,10,10,10,10
"2708",8,2,6,8,6,4,8,5,2
"2709",8,6,2,8,5,2,2,6,5
"2710",1,1,1,1,2,2,2,2,1
"2711",9,7,9,9,6,10,8,7,8
"2712",10,10,9,10,10,10,9,9,10
"2713",6,5,5,4,4,5,5,5,5
"2714",8,6,5,7,3,8,7,5,7
"2715",7,8,6,3,2,9,3,8,6
"2716",8,6,4,7,5,8,6,5,7
"2717",10,10,10,10,10,10,10,10,10
"2718",7,7,5,9,4,2,2,6,3
"2719",7,8,7,6,8,7,8,7,6
"2720",9,7,5,7,6,5,8,5,7
"2721",8,9,6,7,8,7,3,6,5
"2722",6,6,4,7,4,5,4,7,5
"2723",7,5,4,2,6,5,6,5,7
"2724",6,5,6,5,5,6,6,6,5
"2725",8,6,3,7,4,8,5,7,3
"2726",7,9,2,5,9,7,2,5,8
"2727",10,10,10,10,10,10,10,10,10
"2728",7,4,8,5,3,7,8,4,6
"2729",8,7,3,6,6,5,6,5,3
"2730",5,6,6,7,6,5,5,5,4
"2731",9,9,9,10,10,9,9,9,9
"2732",9,9,8,9,8,9,8,9,8
"2733",7,6,4,6,4,3,4,3,7
"2734",9,10,9,10,10,10,9,9,10
"2735",7,9,10,9,10,10,9,9,10
"2736",3,2,4,2,4,3,2,5,3
"2737",8,8,8,5,6,5,4,6,5
"2738",8,6,5,6,4,7,8,6,7
"2739",5,6,5,5,5,6,5,5,6
"2740",7,9,5,8,6,3,3,5,3
"2741",5,4,4,4,4,5,4,4,4
"2742",6,6,6,5,5,5,5,5,5
"2743",6,5,5,5,5,5,5,5,5
"2744",2,3,3,3,3,3,2,2,2
"2745",7,7,7,6,6,6,7,7,7
"2746",3,6,4,7,5,4,5,7,2
"2747",9,10,10,10,10,10,10,10,10
"2748",7,7,5,7,5,8,6,4,6
"2749",7,6,10,9,8,7,9,10,8
"2750",5,6,5,5,6,6,6,6,5
"2751",8,7,8,6,7,5,7,6,8
"2752",8,9,10,9,8,9,7,8,8
"2753",6,6,6,7,6,6,6,7,6
"2754",8,8,9,9,9,9,8,9,9
"2755",9,10,9,8,9,10,8,9,9
"2756",7,7,6,5,4,5,6,5,4
"2757",7,6,3,7,5,3,7,3,5
"2758",4,4,4,3,4,4,3,4,3
"2759",4,4,5,5,4,5,4,5,4
"2760",7,6,4,2,7,5,3,7,4
"2761",4,3,5,4,3,3,5,10,7
"2762",2,1,3,3,1,4,3,4,1
"2763",6,8,8,9,9,8,9,8,8
"2764",8,8,8,10,10,10,1,10,10
"2765",8,7,7,7,7,6,7,7,7
"2766",6,7,5,3,7,6,4,6,5
"2767",10,5,10,5,3,1,8,5,10
"2768",4,4,3,3,3,6,5,5,4
"2769",10,5,10,10,4,10,10,10,10
"2770",1,1,4,6,5,6,6,5,6
"2771",10,5,10,10,1,10,10,10,10
"2772",10,10,8,6,6,10,10,9,9
"2773",9,7,5,6,7,8,7,6,7
"2774",9,8,7,7,6,5,3,4,4
"2775",10,7,9,5,3,6,8,9,9
"2776",5,2,7,9,7,5,6,5,7
"2777",6,2,6,7,5,4,8,8,6
"2778",5,7,8,6,6,5,8,9,10
"2779",10,10,10,10,10,10,10,10,10
"2780",6,7,7,7,6,6,6,6,6
"2781",10,4,9,9,9,9,9,7,8
"2782",1,10,10,10,1,1,1,10,10
"2783",7,6,6,7,7,7,6,6,6
"2784",1,1,1,2,2,1,2,1,1
"2785",2,6,6,7,7,6,4,5,5
"2786",4,5,4,4,6,6,4,4,4
"2787",7,3,3,3,6,2,2,2,3
"2788",7,5,5,5,5,5,3,3,8
"2789",8,8,8,8,8,8,8,8,8
"2790",7,7,7,7,3,3,3,3,3
"2791",5,5,6,5,4,4,5,5,5
"2792",5,5,5,5,5,5,5,5,5
"2793",4,6,7,8,7,6,3,4,5
"2794",6,6,6,6,6,6,6,6,6
"2795",6,6,6,6,6,6,6,6,6
"2796",10,9,10,10,7,7,8,8,7
"2797",1,1,1,1,1,2,1,3,4
"2798",9,9,9,8,8,8,8,9,8
"2799",8,8,7,6,7,7,7,7,8
"2800",1,1,2,3,2,1,3,2,3
"2801",8,7,8,9,7,6,10,10,9
"2802",1,3,1,2,3,4,1,2,3
"2803",4,6,7,5,6,5,9,8,9
"2804",7,4,5,6,7,6,7,6,4
"2805",10,7,8,9,9,9,9,10,9
"2806",9,6,6,9,5,7,9,5,9
"2807",9,8,8,7,6,5,7,6,4
"2808",8,2,5,7,5,4,6,5,3
"2809",4,3,3,2,6,4,4,6,5
"2810",6,10,6,3,1,4,10,10,10
"2811",4,3,3,4,4,5,4,2,4
"2812",8,2,2,2,6,9,9,9,9
"2813",9,7,6,7,6,5,6,7,6
"2814",9,7,6,5,5,5,6,6,6
"2815",3,5,5,6,6,7,7,6,5
"2816",2,4,4,3,5,6,5,4,4
"2817",1,3,3,4,5,5,5,5,5
"2818",9,7,6,6,7,7,4,4,4
"2819",6,5,4,3,6,5,6,5,4
"2820",3,4,5,4,1,4,6,5,3
"2821",3,8,4,5,2,7,5,3,6
"2822",7,9,8,10,7,7,8,8,10
"2823",3,3,8,8,2,8,8,8,4
"2824",4,7,9,5,10,8,4,3,6
"2825",9,9,10,8,6,7,9,9,8
"2826",9,6,8,5,4,7,8,9,6
"2827",8,5,5,4,7,8,5,9,9
"2828",8,7,3,10,6,5,4,8,9
"2829",8,5,7,8,9,7,10,9,8
"2830",10,9,8,8,8,7,8,3,6
"2831",10,8,9,6,8,8,9,7,8
"2832",7,8,8,7,6,5,9,10,9
"2833",8,7,5,6,7,7,9,8,6
"2834",1,8,2,1,2,3,1,1,1
"2835",4,4,3,4,3,4,4,4,5
"2836",6,6,5,5,5,5,7,7,7
"2837",6,5,6,6,6,6,6,6,6
"2838",6,5,7,7,7,6,5,5,6
"2839",5,4,6,6,6,5,5,6,6
"2840",10,6,8,8,9,8,8,6,7
"2841",5,7,7,8,7,8,8,8,9
"2842",9,5,10,10,7,5,4,5,6
"2843",8,10,9,9,9,8,9,9,8
"2844",9,10,8,8,9,9,8,8,9
"2845",8,10,10,9,8,9,10,9,8
"2846",9,10,9,9,10,10,7,9,10
"2847",3,7,5,6,5,6,5,3,4
"2848",7,7,9,10,9,10,9,10,10
"2849",10,10,10,9,8,9,8,7,8
"2850",5,5,5,8,7,5,7,9,6
"2851",8,9,9,9,10,10,8,8,9
"2852",10,9,9,9,8,9,7,9,10
"2853",9,7,6,5,6,7,7,6,5
"2854",5,7,6,6,5,4,7,8,7
"2855",6,9,7,5,5,6,7,7,6
"2856",4,7,6,4,3,5,6,8,9
"2857",8,9,10,10,7,8,10,9,9
"2858",8,5,6,4,5,2,6,7,8
"2859",5,7,6,5,3,4,6,4,3
"2860",6,6,10,6,7,8,6,10,10
"2861",8,6,7,8,7,7,7,8,7
"2862",5,6,5,4,3,3,4,4,5
"2863",9,9,9,6,6,6,7,8,8
"2864",3,5,7,8,9,7,4,3,7
"2865",7,7,6,9,8,8,6,6,8
"2866",10,7,6,7,7,5,8,8,6
"2867",7,6,7,8,6,5,5,6,8
"2868",9,7,6,6,7,8,5,4,5
"2869",8,8,7,7,6,5,5,8,8
"2870",5,8,6,5,5,6,9,8,7
"2871",9,7,6,7,6,5,4,4,5
"2872",8,9,8,8,5,6,8,7,8
"2873",6,4,5,8,8,7,7,7,7
"2874",10,7,8,9,6,5,7,7,7
"2875",9,7,6,6,7,8,7,6,5
"2876",8,7,6,7,6,5,6,5,4
"2877",8,10,8,6,7,9,9,6,8
"2878",9,7,6,7,8,5,6,7,6
"2879",9,5,7,9,9,8,8,8,7
"2880",6,7,3,5,7,8,5,4,5
"2881",9,8,8,8,2,8,5,6,5
"2882",3,4,5,3,3,3,5,6,7
"2883",3,5,5,6,6,8,9,9,9
"2884",5,6,3,3,5,3,4,5,6
"2885",5,3,7,7,6,4,7,4,4
"2886",7,5,7,8,4,3,7,8,6
"2887",5,3,4,2,3,2,3,6,5
"2888",5,4,6,8,4,2,6,9,7
"2889",2,2,3,5,5,4,6,5,4
"2890",6,5,5,4,3,7,5,4,6
"2891",4,3,5,5,3,4,4,3,5
"2892",2,4,5,4,3,3,6,6,6
"2893",5,3,5,4,6,5,6,6,5
"2894",9,3,4,4,5,5,7,7,8
"2895",7,8,10,7,3,5,4,6,9
"2896",6,6,7,8,6,6,6,7,6
"2897",4,5,5,5,5,5,5,5,5
"2898",7,7,5,7,4,6,6,5,7
"2899",10,4,6,7,9,4,4,5,7
"2900",9,7,6,5,5,6,9,9,9
"2901",9,7,6,5,4,4,7,8,9
"2902",6,8,7,6,5,3,5,6,7
"2903",6,7,6,5,8,8,10,9,10
"2904",7,7,8,4,3,4,7,8,2
"2905",9,9,7,6,6,7,6,7,7
"2906",3,4,5,4,3,4,4,5,3
"2907",3,5,5,6,5,4,3,5,6
"2908",8,7,6,5,8,5,10,9,7
"2909",7,10,8,3,8,9,10,7,9
"2910",8,5,8,7,7,5,6,6,10
"2911",5,3,7,7,2,9,8,8,10
"2912",4,5,4,4,6,6,8,8,8
"2913",8,7,10,7,5,6,7,10,5
"2914",3,2,8,9,2,7,8,8,9
"2915",3,4,8,2,2,7,3,8,8
"2916",9,6,5,7,8,7,9,6,7
"2917",8,7,6,7,7,7,7,7,7
"2918",6,5,5,6,7,7,3,3,5
"2919",8,6,5,6,7,4,6,4,3
"2920",9,7,6,5,4,3,5,6,7
"2921",5,3,7,8,6,5,7,8,9
"2922",6,6,8,7,8,7,5,6,6
"2923",6,6,7,5,7,6,6,7,5
"2924",5,9,7,4,7,6,5,8,6
"2925",1,3,7,6,7,6,6,7,7
"2926",6,6,6,6,7,6,7,8,9
"2927",10,4,6,8,7,9,8,9,7
"2928",1,2,4,5,4,5,4,5,6
"2929",9,8,7,7,8,9,8,7,6
"2930",10,10,10,10,10,10,10,10,10
"2931",3,5,7,8,6,6,6,5,9
"2932",1,2,1,1,1,3,1,5,10
"2933",10,10,9,8,8,9,8,9,10
"2934",3,4,9,8,2,8,5,9,7
"2935",8,5,9,9,2,8,9,9,9
"2936",4,5,5,6,6,5,3,3,3
"2937",3,4,5,6,5,5,4,3,3
"2938",5,5,3,5,4,9,4,10,6
"2939",9,9,10,7,8,6,6,7,8
"2940",3,5,6,5,4,6,4,5,7
"2941",3,6,5,8,3,4,9,7,3
"2942",9,7,7,6,6,6,7,7,9
"2943",8,6,7,5,3,6,5,5,5
"2944",9,9,9,9,9,9,8,7,8
"2945",10,8,6,7,5,4,6,7,9
"2946",8,8,8,8,9,7,8,9,8
"2947",9,7,6,6,7,6,8,7,6
"2948",7,7,6,7,8,6,7,6,7
"2949",8,7,9,10,6,4,4,7,3
"2950",2,2,3,2,4,3,2,4,5
"2951",3,2,4,3,2,5,2,4,3
"2952",5,7,6,7,4,5,4,6,3
"2953",8,6,8,9,8,9,8,6,9
"2954",4,4,4,4,3,3,4,5,5
"2955",4,4,5,5,7,4,6,8,5
"2956",3,4,3,6,3,5,6,4,6
"2957",1,2,4,7,4,4,5,5,6
"2958",10,7,5,4,7,8,7,5,3
"2959",2,5,4,5,6,5,4,3,4
"2960",6,8,9,9,8,7,6,5,5
"2961",4,5,5,4,3,5,4,7,7
"2962",9,7,7,6,6,5,8,8,7
"2963",9,7,8,8,8,8,8,8,7
"2964",6,4,5,7,8,7,3,5,6
"2965",6,4,4,4,5,3,6,5,4
"2966",8,7,8,7,8,9,8,9,8
"2967",4,4,5,5,4,4,6,4,7
"2968",10,5,6,7,9,6,7,6,7
"2969",1,1,1,5,1,1,5,7,7
"2970",6,7,6,10,8,7,10,8,4
"2971",4,8,7,7,5,5,6,7,8
"2972",5,5,5,5,5,5,5,5,5
"2973",3,4,4,5,6,6,4,3,3
"2974",6,7,8,9,10,8,10,9,8
"2975",8,5,7,8,6,9,8,10,6
"2976",4,7,9,8,2,7,7,8,9
"2977",6,9,7,8,2,5,8,8,7
"2978",7,8,10,6,5,6,5,8,10
"2979",10,4,9,6,5,2,4,1,9
"2980",4,6,5,4,5,6,5,6,5
"2981",4,6,7,5,7,5,7,4,7
"2982",9,8,9,9,8,8,9,9,9
"2983",2,4,5,4,3,5,5,6,5
"2984",7,5,8,5,8,6,8,6,7
"2985",9,7,6,5,6,7,8,7,6
"2986",7,8,6,6,7,8,7,6,6
"2987",3,5,6,7,6,5,5,3,4
"2988",3,8,7,6,4,3,5,6,7
"2989",7,6,10,8,7,6,7,8,8
"2990",5,5,4,6,7,7,5,7,8
"2991",8,10,9,10,8,10,9,10,8
"2992",5,3,8,8,2,4,7,8,4
"2993",5,10,10,7,5,7,5,8,7
"2994",4,5,5,5,5,4,3,3,3
"2995",4,6,7,6,5,4,3,4,5
"2996",5,6,6,7,8,9,6,6,7
"2997",6,7,5,4,3,6,5,4,3
"2998",9,8,8,8,6,6,7,7,7
"2999",8,7,8,8,7,8,7,7,6
"3000",8,10,6,7,8,9,8,6,7
"3001",8,8,8,8,8,8,7,7,7
"3002",6,4,6,6,4,5,5,7,6
"3003",7,6,7,7,8,8,7,9,9
"3004",10,7,5,9,3,1,4,6,10
"3005",2,5,8,4,6,9,7,3,8
"3006",6,7,7,8,7,8,7,8,6
"3007",6,7,6,6,7,7,7,7,8
"3008",8,6,6,7,6,6,9,8,10
"3009",9,8,9,8,9,7,7,6,5
"3010",7,6,8,5,3,7,9,7,5
"3011",6,4,5,2,5,4,7,5,7
"3012",10,5,7,3,9,5,4,7,10
"3013",8,9,8,9,7,8,8,8,8
"3014",10,9,9,10,9,9,9,9,10
"3015",7,5,6,6,5,7,7,6,6
"3016",10,9,9,9,9,10,9,9,8
"3017",7,7,5,7,5,8,6,7,4
"3018",5,4,10,10,1,10,10,10,10
"3019",1,1,2,2,2,2,2,2,2
"3020",10,9,8,7,9,10,9,9,9
"3021",7,8,8,9,10,10,9,10,10
"3022",2,2,3,3,3,3,2,2,3
"3023",1,1,1,1,1,1,1,1,10
"3024",9,7,7,7,6,8,7,7,8
"3025",4,4,7,4,4,8,4,7,4
"3026",10,9,8,7,8,9,8,9,10
"3027",4,4,5,5,5,5,5,5,5
"3028",10,10,9,9,9,9,9,9,9
"3029",4,4,4,4,4,5,4,5,5
"3030",1,8,6,6,9,4,9,10,7
"3031",9,9,8,8,8,9,7,7,1
"3032",2,10,9,9,9,10,9,10,9
"3033",5,7,6,5,6,7,5,6,7
"3034",3,4,3,3,3,3,3,3,7
"3035",7,6,6,3,4,4,6,3,1
"3036",3,10,9,7,8,1,2,2,6
"3037",10,8,7,7,8,9,8,7,8
"3038",5,5,5,4,4,5,4,4,4
"3039",9,3,8,6,5,4,7,7,6
"3040",10,8,9,6,4,8,2,4,10
"3041",2,2,2,2,4,4,3,4,4
"3042",6,6,7,8,7,6,9,8,7
"3043",6,6,5,6,7,8,5,4,5
"3044",5,7,6,7,8,7,7,6,5
"3045",3,4,4,4,4,4,4,4,4
"3046",2,7,10,10,9,7,10,10,10
"3047",6,4,5,6,5,4,5,4,5
"3048",4,5,5,5,5,5,5,4,4
"3049",6,4,10,3,7,9,7,4,10
"3050",3,8,9,1,3,3,5,3,10
"3051",3,4,4,4,4,4,4,4,4
"3052",5,7,8,7,6,5,7,6,5
"3053",3,7,4,5,4,6,9,2,1
"3054",9,7,7,6,6,7,8,9,10
"3055",10,10,10,10,10,8,8,10,9
"3056",10,9,8,9,8,9,10,9,8
"3057",10,10,9,8,7,8,7,9,8
"3058",5,6,6,7,7,7,8,7,7
"3059",1,1,1,1,1,1,1,1,1
"3060",1,1,1,1,1,1,1,1,10
"3061",6,4,5,3,4,5,5,4,6
"3062",9,8,7,9,10,9,9,8,8
"3063",5,8,8,8,8,8,8,8,8
"3064",8,9,9,10,10,10,9,9,9
"3065",7,8,7,9,9,8,9,8,8
"3066",9,10,10,10,9,9,8,9,9
"3067",9,6,7,6,8,7,7,8,7
"3068",9,7,7,6,7,5,7,6,5
"3069",9,10,10,9,10,10,10,10,10
"3070",9,1,1,1,1,4,1,9,1
"3071",3,3,3,2,2,3,3,3,2
"3072",10,6,7,6,5,8,8,7,6
"3073",9,9,8,8,9,9,9,8,8
"3074",7,10,10,10,10,10,10,10,10
"3075",9,8,8,7,8,9,10,9,9
"3076",9,9,8,9,9,8,10,9,9
"3077",8,9,8,8,8,8,10,9,8
"3078",6,7,7,8,7,7,8,7,8
"3079",8,6,6,5,5,6,7,6,5
"3080",3,3,2,2,2,2,3,3,3
"3081",10,9,10,10,10,10,9,10,9
"3082",1,1,1,1,1,1,1,1,1
"3083",1,1,1,2,2,2,2,2,2
"3084",10,8,9,7,8,9,10,9,9
"3085",3,4,4,4,5,5,4,4,5
"3086",10,10,10,10,10,10,10,10,10
"3087",10,10,9,10,10,10,9,9,10
"3088",7,6,6,6,5,5,7,7,6
"3089",10,10,9,8,9,10,10,10,10
"3090",1,3,2,9,1,2,5,7,1
"3091",10,9,8,9,8,9,9,10,9
"3092",10,10,10,10,10,10,10,10,10
"3093",10,10,10,10,10,10,10,10,10
"3094",8,7,8,9,9,9,9,9,9
"3095",7,8,8,7,7,6,7,7,8
"3096",8,9,8,10,9,9,9,9,8
"3097",9,10,9,9,8,8,8,8,9
"3098",9,10,9,9,1,9,9,9,9
"3099",8,10,10,10,1,10,10,10,10
"3100",9,9,10,9,8,10,8,9,10
"3101",9,9,9,10,10,10,10,10,10
"3102",9,9,9,9,8,8,9,9,9
"3103",9,8,7,8,9,8,9,9,8
"3104",5,3,4,4,5,4,4,6,7
"3105",9,7,8,7,8,8,8,9,8
"3106",7,8,8,9,9,10,9,9,8
"3107",5,5,6,6,5,5,7,8,8
"3108",9,8,10,9,8,7,9,7,10
"3109",10,10,10,10,10,10,10,10,10
"3110",10,5,4,4,5,6,6,5,5
"3111",4,6,5,5,4,5,4,5,5
"3112",1,2,4,1,1,1,1,2,1
"3113",1,1,1,1,1,1,1,1,1
"3114",2,2,3,3,2,2,3,3,3
"3115",10,10,8,9,9,9,7,8,9
"3116",9,8,7,8,7,7,8,9,8
"3117",9,9,8,7,6,7,9,9,8
"3118",8,9,9,10,10,9,9,10,10
"3119",10,9,9,10,9,9,6,10,9
"3120",5,4,6,7,3,6,6,8,4
"3121",10,9,9,10,9,9,10,10,10
"3122",4,5,4,4,4,4,5,5,5
"3123",10,1,6,5,3,6,2,7,10
"3124",10,9,8,8,7,7,7,8,9
"3125",10,10,9,10,9,9,10,9,10
"3126",9,10,10,9,8,10,10,10,9
"3127",8,6,5,5,6,8,6,6,8
"3128",10,8,9,8,7,6,5,8,9
"3129",10,10,9,6,8,9,9,10,10
"3130",6,1,1,1,1,1,1,1,1
"3131",3,2,2,3,4,4,4,4,4
"3132",9,7,8,8,8,8,8,10,10
"3133",10,10,8,9,9,10,7,8,9
"3134",9,7,8,8,9,7,9,8,10
"3135",2,2,1,1,2,2,3,3,2
"3136",6,10,10,10,1,8,10,10,10
"3137",8,8,8,9,1,10,10,10,10
"3138",10,8,9,7,8,9,7,9,10
"3139",8,9,8,9,9,7,9,7,8
"3140",6,8,8,8,7,8,8,9,8
"3141",9,8,8,9,9,8,7,7,8
"3142",2,10,1,5,8,1,2,2,3
"3143",8,8,7,7,8,9,7,6,6
"3144",10,10,10,10,9,9,10,9,10
"3145",2,10,10,9,9,8,8,8,8
"3146",3,4,4,4,4,4,6,3,3
"3147",10,10,10,10,10,10,10,9,9
"3148",8,7,6,4,8,6,10,10,5
"3149",10,10,10,10,10,10,10,10,10
"3150",9,7,8,7,8,9,8,7,8
"3151",10,10,10,10,10,10,10,10,10
"3152",2,2,1,7,8,7,7,9,10
"3153",4,6,5,4,5,6,4,5,6
"3154",9,9,8,10,9,7,8,7,9
"3155",7,9,10,10,9,8,9,9,9
"3156",9,9,9,9,1,10,10,10,10
"3157",9,8,8,8,9,8,9,8,8
"3158",6,7,10,10,9,9,9,9,9
"3159",9,9,8,9,9,9,9,8,9
"3160",6,7,6,6,6,7,8,9,9
"3161",6,9,10,9,8,9,8,9,10
"3162",10,10,10,10,10,10,10,10,10
"3163",10,9,7,10,10,9,10,7,9
"3164",7,7,7,8,7,7,9,9,9
"3165",10,10,8,7,9,8,10,9,9
"3166",10,8,9,7,9,8,7,6,5
"3167",10,10,10,10,10,10,10,10,10
"3168",10,9,8,7,8,7,9,10,9
"3169",10,10,8,9,7,8,10,9,10
"3170",6,8,9,8,7,8,9,8,7
"3171",10,10,10,10,10,10,10,10,10
"3172",5,5,5,5,5,5,5,5,5
"3173",6,6,4,5,5,5,6,6,6
"3174",3,10,10,10,9,9,9,9,9
"3175",5,6,3,4,5,2,4,7,9
"3176",6,6,5,5,4,6,5,5,6
"3177",9,9,8,7,7,7,8,8,7
"3178",7,8,7,9,8,9,6,7,8
"3179",10,9,8,9,9,8,10,10,9
"3180",9,7,7,7,6,7,7,8,7
"3181",9,8,9,7,8,8,7,9,10
"3182",7,8,9,9,1,10,10,10,10
"3183",4,3,4,3,3,3,3,3,3
"3184",4,4,6,7,9,7,4,6,9
"3185",7,7,5,3,4,3,4,3,4
"3186",10,10,9,9,10,10,9,9,9
"3187",4,5,4,4,4,3,4,4,4
"3188",5,5,5,5,5,5,5,5,5
"3189",10,8,9,8,10,7,7,8,7
"3190",9,10,10,9,9,9,8,8,8
"3191",9,8,8,7,7,7,8,8,7
"3192",5,6,6,6,5,6,5,7,6
"3193",5,5,6,6,5,6,6,7,6
"3194",9,8,8,7,7,6,8,8,9
"3195",10,9,8,9,9,8,9,8,9
"3196",3,2,2,2,2,3,3,3,3
"3197",1,1,1,1,1,1,1,1,1
"3198",1,1,1,1,1,1,1,1,1
"3199",2,3,3,3,3,3,3,3,3
"3200",10,9,9,9,8,9,8,10,9
"3201",9,8,9,8,8,8,9,9,8
"3202",10,8,10,9,8,9,10,10,8
"3203",10,8,9,10,9,8,8,7,9
"3204",10,10,10,10,10,10,10,10,10
"3205",10,8,9,8,10,10,9,8,8
"3206",6,5,5,6,6,7,7,6,7
"3207",6,1,1,1,1,2,2,2,2
"3208",10,8,7,8,9,7,9,10,9
"3209",10,10,9,9,10,10,10,10,10
"3210",3,3,3,3,3,3,2,2,3
"3211",10,8,9,9,9,10,9,9,9
"3212",5,1,1,1,1,1,1,1,1
"3213",4,5,7,6,1,7,2,6,10
"3214",7,7,6,7,7,8,9,10,10
"3215",7,5,5,6,5,6,6,7,6
"3216",9,7,9,7,8,8,8,8,8
"3217",8,3,5,3,2,8,2,6,4
"3218",3,10,9,10,9,8,9,10,9
"3219",9,9,8,9,10,10,9,9,8
"3220",1,5,4,5,10,10,9,8,10
"3221",10,9,8,7,8,9,9,10,9
"3222",10,10,8,9,7,9,8,10,9
"3223",10,10,10,10,10,10,10,10,10
"3224",7,8,9,9,10,9,7,8,9
"3225",9,7,5,6,8,6,6,8,5
"3226",5,7,8,8,2,9,9,9,9
"3227",6,8,8,8,1,9,9,9,9
"3228",8,8,8,8,9,8,8,8,9
"3229",9,8,9,8,9,8,10,10,9
"3230",5,4,5,3,4,5,5,4,3
"3231",6,7,8,7,6,5,7,7,6
"3232",5,4,4,6,5,5,6,6,7
"3233",9,10,9,8,7,8,8,10,9
"3234",10,9,7,7,8,7,10,9,7
"3235",10,9,9,8,8,8,10,10,10
"3236",9,8,7,7,8,8,9,9,8
"3237",8,6,5,6,6,6,10,9,7
"3238",6,8,9,8,8,8,7,8,7
"3239",10,10,10,9,10,10,9,10,10
"3240",5,4,4,5,5,5,4,3,3
"3241",1,1,1,1,1,1,1,1,1
"3242",4,6,6,5,4,5,9,8,7
"3243",10,10,8,9,7,9,9,9,8
"3244",9,9,9,7,8,9,7,8,8
"3245",5,9,9,10,1,8,10,10,10
"3246",6,8,10,6,1,8,10,10,10
"3247",5,7,7,8,7,7,7,8,7
"3248",10,10,9,9,8,9,10,10,10
"3249",6,7,9,6,4,9,7,8,5
"3250",10,9,8,9,9,10,9,10,10
"3251",6,5,6,6,5,5,6,5,6
"3252",7,6,9,7,6,9,7,7,8
"3253",9,7,9,5,7,9,6,4,5
"3254",10,9,9,10,10,10,10,9,9
"3255",10,10,10,10,10,10,10,10,10
"3256",10,9,10,8,8,9,8,10,9
"3257",6,6,7,3,5,5,4,4,4
"3258",10,9,7,8,10,9,10,9,10
"3259",4,5,6,5,4,4,5,4,5
"3260",10,9,9,8,7,8,8,9,8
"3261",10,10,9,8,8,8,8,7,7
"3262",8,8,7,6,7,7,7,7,7
"3263",5,7,4,5,8,9,7,8,7
"3264",10,9,10,10,10,9,10,10,8
"3265",10,10,10,10,10,10,10,10,10
"3266",9,2,10,6,1,10,6,5,10
"3267",9,8,9,6,7,9,10,5,7
"3268",4,5,4,4,5,5,4,4,5
"3269",2,6,3,7,5,3,5,4,3
"3270",9,1,10,10,1,10,7,8,10
"3271",10,1,10,8,1,10,7,5,10
"3272",10,5,10,8,1,9,8,8,10
"3273",8,6,5,6,6,7,6,6,5
"3274",10,8,9,10,10,10,9,10,10
"3275",8,8,7,7,6,6,6,6,6
"3276",6,7,5,2,8,6,7,5,9
"3277",7,8,6,3,4,7,2,6,5
"3278",10,10,10,10,10,10,10,10,10
"3279",8,8,7,7,9,8,9,8,8
"3280",9,9,9,9,10,10,10,10,10
"3281",8,10,10,9,9,7,6,5,7
"3282",6,6,7,6,5,6,6,7,6
"3283",10,10,10,10,10,10,10,10,10
"3284",2,2,2,3,3,3,2,2,3
"3285",10,10,10,10,10,10,10,10,10
"3286",10,10,10,10,1,10,10,10,10
"3287",5,3,5,7,3,4,3,5,8
"3288",10,9,9,8,8,8,6,7,8
"3289",8,9,9,8,7,7,8,9,8
"3290",9,8,7,6,5,5,6,6,6
"3291",10,7,7,6,6,7,7,7,6
"3292",5,6,5,4,4,5,5,4,4
"3293",10,8,7,7,7,6,6,6,7
"3294",5,10,10,10,10,10,10,10,10
"3295",6,6,6,10,6,6,7,4,8
"3296",1,1,1,1,1,1,1,1,1
"3297",4,9,10,7,6,7,6,10,8
"3298",9,7,8,8,9,8,9,8,8
